benchmark,variant,method,fl,size,alpha,n_runs,modes_mean,modes_std,modes_min,modes_max,spearman_mean,spearman_std,spearman_min,spearman_max
1-set,subtb_gfn_fl0,subtb_gfn,False,large,0.100000,5,0.000000,0.000000,0.000000,0.000000,0.929085,0.033560,0.877857,0.961061
1-set,subtb_gfn_fl0,subtb_gfn,False,large,0.200000,5,0.000000,0.000000,0.000000,0.000000,0.927894,0.044460,0.856612,0.972840
1-set,subtb_gfn_fl0,subtb_gfn,False,large,0.300000,5,0.000000,0.000000,0.000000,0.000000,0.916025,0.042827,0.846889,0.953282
1-set,subtb_gfn_fl0,subtb_gfn,False,large,0.400000,5,0.000000,0.000000,0.000000,0.000000,0.924472,0.009264,0.909969,0.933619
1-set,subtb_gfn_fl0,subtb_gfn,False,large,0.500000,5,0.000000,0.000000,0.000000,0.000000,0.943681,0.008026,0.934513,0.953696
1-set,subtb_gfn_fl0,subtb_gfn,False,large,0.600000,5,0.000000,0.000000,0.000000,0.000000,0.920531,0.030387,0.877232,0.949203
1-set,subtb_gfn_fl0,subtb_gfn,False,large,0.700000,5,0.000000,0.000000,0.000000,0.000000,0.921886,0.015050,0.902552,0.942017
1-set,subtb_gfn_fl0,subtb_gfn,False,large,0.800000,5,2.000000,4.472136,0.000000,10.000000,0.916322,0.016924,0.889296,0.935034
1-set,subtb_gfn_fl0,subtb_gfn,False,large,0.900000,5,0.000000,0.000000,0.000000,0.000000,0.917707,0.015149,0.896448,0.939081
1-set,subtb_gfn_fl0,subtb_gfn,False,medium,0.100000,5,0.000000,0.000000,0.000000,0.000000,0.974277,0.008917,0.960286,0.981472
1-set,subtb_gfn_fl0,subtb_gfn,False,medium,0.200000,5,0.000000,0.000000,0.000000,0.000000,0.979274,0.007658,0.967709,0.986947
1-set,subtb_gfn_fl0,subtb_gfn,False,medium,0.300000,5,0.000000,0.000000,0.000000,0.000000,0.973081,0.008259,0.962671,0.981377
1-set,subtb_gfn_fl0,subtb_gfn,False,medium,0.400000,5,0.000000,0.000000,0.000000,0.000000,0.968978,0.014928,0.951624,0.981929
1-set,subtb_gfn_fl0,subtb_gfn,False,medium,0.500000,5,0.000000,0.000000,0.000000,0.000000,0.967823,0.006930,0.958732,0.977568
1-set,subtb_gfn_fl0,subtb_gfn,False,medium,0.600000,5,0.400000,0.894427,0.000000,2.000000,0.950375,0.015092,0.925453,0.962320
1-set,subtb_gfn_fl0,subtb_gfn,False,medium,0.700000,5,0.200000,0.447214,0.000000,1.000000,0.947836,0.010108,0.934853,0.962265
1-set,subtb_gfn_fl0,subtb_gfn,False,medium,0.800000,5,1.400000,1.140175,0.000000,3.000000,0.964389,0.014880,0.938466,0.976328
1-set,subtb_gfn_fl0,subtb_gfn,False,medium,0.900000,5,5.200000,6.760178,0.000000,14.000000,0.955813,0.013034,0.934723,0.970076
1-set,subtb_gfn_fl0,subtb_gfn,False,small,0.100000,5,22.200000,1.643168,20.000000,24.000000,0.988671,0.005788,0.978536,0.992392
1-set,subtb_gfn_fl0,subtb_gfn,False,small,0.200000,5,22.400000,4.393177,19.000000,30.000000,0.990593,0.003143,0.986367,0.993637
1-set,subtb_gfn_fl0,subtb_gfn,False,small,0.300000,5,21.600000,3.847077,17.000000,25.000000,0.993524,0.001268,0.991282,0.994390
1-set,subtb_gfn_fl0,subtb_gfn,False,small,0.400000,5,19.600000,3.209361,17.000000,25.000000,0.994273,0.004975,0.985392,0.996891
1-set,subtb_gfn_fl0,subtb_gfn,False,small,0.500000,5,20.000000,4.062019,13.000000,23.000000,0.991776,0.004937,0.983059,0.994691
1-set,subtb_gfn_fl0,subtb_gfn,False,small,0.600000,5,27.400000,3.507136,24.000000,33.000000,0.996704,0.002219,0.992819,0.998290
1-set,subtb_gfn_fl0,subtb_gfn,False,small,0.700000,5,30.600000,7.635444,24.000000,43.000000,0.997132,0.000460,0.996661,0.997631
1-set,subtb_gfn_fl0,subtb_gfn,False,small,0.800000,5,34.200000,8.074652,28.000000,44.000000,0.996759,0.000989,0.995894,0.998296
1-set,subtb_gfn_fl0,subtb_gfn,False,small,0.900000,5,32.000000,10.977249,19.000000,49.000000,0.996982,0.000574,0.996226,0.997449
1-set,subtb_gfn_fl1,subtb_gfn,True,large,0.100000,5,0.000000,0.000000,0.000000,0.000000,0.932961,0.014699,0.918749,0.950653
1-set,subtb_gfn_fl1,subtb_gfn,True,large,0.200000,5,0.200000,0.447214,0.000000,1.000000,0.947386,0.030371,0.894413,0.969371
1-set,subtb_gfn_fl1,subtb_gfn,True,large,0.300000,5,5.000000,3.391165,1.000000,9.000000,0.935797,0.020727,0.907772,0.959504
1-set,subtb_gfn_fl1,subtb_gfn,True,large,0.400000,5,16.200000,13.736812,2.000000,35.000000,0.914883,0.021456,0.882950,0.942467
1-set,subtb_gfn_fl1,subtb_gfn,True,large,0.500000,5,118.600000,84.813324,46.000000,263.000000,0.900882,0.029232,0.871322,0.939058
1-set,subtb_gfn_fl1,subtb_gfn,True,large,0.600000,5,394.400000,253.590812,126.000000,746.000000,0.873348,0.031470,0.832283,0.917881
1-set,subtb_gfn_fl1,subtb_gfn,True,large,0.700000,5,954.600000,1447.582571,0.000000,3503.000000,0.808226,0.024643,0.774105,0.837437
1-set,subtb_gfn_fl1,subtb_gfn,True,large,0.800000,5,228.800000,295.957260,2.000000,684.000000,0.656855,0.029708,0.620113,0.699550
1-set,subtb_gfn_fl1,subtb_gfn,True,large,0.900000,5,144.600000,191.053134,0.000000,369.000000,0.539712,0.029004,0.493082,0.569475
7-mols,db,db,False,,0.100000,5,5.400000,0.894427,4.000000,6.000000,0.503272,0.018593,0.478584,0.519770
7-mols,db,db,False,,0.200000,5,10.000000,4.183300,5.000000,14.000000,0.365586,0.289717,-0.148219,0.531694
7-mols,db,db,False,,0.300000,5,11.200000,4.764452,4.000000,17.000000,0.536543,0.023753,0.507267,0.573309
7-mols,db,db,False,,0.400000,5,11.400000,3.209361,9.000000,17.000000,0.494090,0.040293,0.453523,0.552451
7-mols,db,db,False,,0.500000,5,10.000000,3.082207,6.000000,13.000000,0.525831,0.016046,0.512437,0.551808
7-mols,db,db,False,,0.600000,5,14.400000,2.408319,11.000000,17.000000,0.500244,0.046105,0.429342,0.541703
7-mols,db,db,False,,0.700000,5,11.800000,3.962323,7.000000,17.000000,0.529886,0.055790,0.453208,0.606864
7-mols,db,db,False,,0.800000,5,11.000000,4.898979,6.000000,18.000000,0.489681,0.078490,0.390093,0.608559
7-mols,db,db,False,,0.900000,5,13.400000,3.209361,11.000000,19.000000,0.486514,0.029187,0.460133,0.532927
7-mols,fl_db,db,True,,0.100000,5,5.800000,1.483240,4.000000,8.000000,-0.579471,0.012383,-0.600766,-0.569322
7-mols,fl_db,db,True,,0.200000,5,5.400000,1.140175,4.000000,7.000000,-0.577061,0.020351,-0.597634,-0.554872
7-mols,fl_db,db,True,,0.300000,5,6.400000,3.130495,3.000000,11.000000,-0.555627,0.026269,-0.599859,-0.529868
7-mols,fl_db,db,True,,0.400000,5,8.600000,1.816590,6.000000,11.000000,-0.560801,0.039151,-0.611320,-0.508709
7-mols,fl_db,db,True,,0.500000,5,9.000000,1.581139,7.000000,11.000000,-0.563385,0.046033,-0.613014,-0.493242
7-mols,fl_db,db,True,,0.600000,5,13.200000,4.658326,7.000000,20.000000,-0.546652,0.035884,-0.603366,-0.506293
7-mols,fl_db,db,True,,0.700000,5,14.600000,6.066300,7.000000,23.000000,-0.554912,0.020989,-0.580218,-0.530785
7-mols,fl_db,db,True,,0.800000,5,24.000000,3.605551,19.000000,29.000000,-0.555545,0.020023,-0.584787,-0.529376
7-mols,fl_db,db,True,,0.900000,5,25.000000,4.358899,20.000000,30.000000,-0.559709,0.034851,-0.594702,-0.510956
7-mols,fl_subtb,subtb,True,,0.100000,5,8.400000,3.209361,4.000000,13.000000,-0.604576,0.025932,-0.646024,-0.577487
7-mols,fl_subtb,subtb,True,,0.200000,5,11.000000,3.937004,5.000000,15.000000,-0.589111,0.045942,-0.635537,-0.534885
7-mols,fl_subtb,subtb,True,,0.300000,5,12.000000,4.949747,6.000000,18.000000,-0.603146,0.026592,-0.640937,-0.570097
7-mols,fl_subtb,subtb,True,,0.400000,5,12.600000,2.607681,9.000000,16.000000,-0.618753,0.042591,-0.690615,-0.581090
7-mols,fl_subtb,subtb,True,,0.500000,5,16.000000,3.162278,11.000000,19.000000,-0.464037,0.280245,-0.667942,0.028307
7-mols,fl_subtb,subtb,True,,0.600000,5,18.200000,5.310367,12.000000,26.000000,-0.595151,0.041020,-0.639688,-0.541517
7-mols,fl_subtb,subtb,True,,0.700000,5,23.400000,6.618157,14.000000,32.000000,-0.625464,0.060182,-0.671940,-0.535076
7-mols,fl_subtb,subtb,True,,0.800000,5,34.200000,5.674504,26.000000,40.000000,-0.616530,0.010053,-0.627712,-0.602220
7-mols,fl_subtb,subtb,True,,0.900000,5,39.200000,7.049823,32.000000,50.000000,-0.611443,0.041654,-0.671281,-0.567855
7-mols,subtb,subtb,False,,0.100000,5,20.200000,5.630275,15.000000,29.000000,0.578152,0.026474,0.549959,0.617730
7-mols,subtb,subtb,False,,0.200000,5,18.200000,4.494441,12.000000,22.000000,0.566627,0.118237,0.359759,0.651619
7-mols,subtb,subtb,False,,0.300000,5,22.800000,3.768289,19.000000,29.000000,0.605925,0.018324,0.588070,0.635610
7-mols,subtb,subtb,False,,0.400000,5,24.000000,6.442049,16.000000,31.000000,0.606241,0.032855,0.562238,0.654666
7-mols,subtb,subtb,False,,0.500000,5,22.200000,2.774887,19.000000,25.000000,0.566210,0.069375,0.442598,0.603466
7-mols,subtb,subtb,False,,0.600000,5,26.400000,2.302173,24.000000,30.000000,0.586103,0.051369,0.525337,0.635765
7-mols,subtb,subtb,False,,0.700000,5,22.000000,5.431390,15.000000,28.000000,0.613444,0.019488,0.593856,0.644391
7-mols,subtb,subtb,False,,0.800000,5,25.200000,3.633180,21.000000,29.000000,0.610276,0.013445,0.595958,0.627973
7-mols,subtb,subtb,False,,0.900000,5,24.000000,5.787918,18.000000,32.000000,0.604447,0.058098,0.521760,0.684586
7-mols,tb,tb,False,,0.100000,5,19.800000,3.834058,15.000000,25.000000,-0.070083,0.322629,-0.535106,0.242389
7-mols,tb,tb,False,,0.200000,5,29.600000,7.300685,22.000000,40.000000,-0.312328,0.289057,-0.658856,0.138087
7-mols,tb,tb,False,,0.300000,5,37.000000,7.416198,30.000000,48.000000,0.104716,0.407561,-0.589424,0.411900
7-mols,tb,tb,False,,0.400000,5,34.400000,6.542171,26.000000,44.000000,0.136971,0.541727,-0.722039,0.548118
7-mols,tb,tb,False,,0.500000,5,38.400000,6.107373,34.000000,49.000000,0.218125,0.454245,-0.571799,0.548337
7-mols,tb,tb,False,,0.600000,5,40.200000,5.069517,37.000000,49.000000,0.473498,0.163972,0.201639,0.610799
7-mols,tb,tb,False,,0.700000,5,36.800000,4.438468,29.000000,40.000000,0.303485,0.116426,0.190040,0.440005
7-mols,tb,tb,False,,0.800000,5,39.200000,9.808160,29.000000,53.000000,-0.021514,0.355362,-0.625697,0.316670
7-mols,tb,tb,False,,0.900000,5,60.600000,32.385182,32.000000,108.000000,0.083224,0.424486,-0.612911,0.435220
