benchmark,variant,method,fl,size,alpha,seed,modes,spearman,run_name
1-set,subtb_gfn_fl1,subtb_gfn,True,large,0.6,3,177.0,0.863899643899644,ss(3)_ms(0)_md(on)_mdfr(0)_upb(1)_sz(large)_m(fl_subtb_gfn)_a(0.6)
1-set,subtb_gfn_fl1,subtb_gfn,True,large,0.3,1,8.0,0.93604106684919,ss(1)_ms(0)_md(on)_mdfr(0)_upb(1)_sz(large)_m(fl_subtb_gfn)_a(0.3)
1-set,subtb_gfn_fl1,subtb_gfn,True,large,0.5,1,263.0,0.8714529700673291,ss(1)_ms(0)_md(on)_mdfr(0)_upb(1)_sz(large)_m(fl_subtb_gfn)_a(0.5)
1-set,subtb_gfn_fl1,subtb_gfn,True,large,0.9,4,0.0,0.5530726543910903,ss(4)_ms(0)_md(on)_mdfr(0)_upb(1)_sz(large)_m(fl_subtb_gfn)_a(0.9)
1-set,subtb_gfn_fl1,subtb_gfn,True,large,0.1,0,0.0,0.9188028390720644,ss(0)_ms(0)_md(on)_mdfr(0)_upb(1)_sz(large)_m(fl_subtb_gfn)_a(0.1)
1-set,subtb_gfn_fl1,subtb_gfn,True,large,0.3,2,9.0,0.924366041912238,ss(2)_ms(0)_md(on)_mdfr(0)_upb(1)_sz(large)_m(fl_subtb_gfn)_a(0.3)
1-set,subtb_gfn_fl1,subtb_gfn,True,large,0.7,3,3503.0,0.8374365804612001,ss(3)_ms(0)_md(on)_mdfr(0)_upb(1)_sz(large)_m(fl_subtb_gfn)_a(0.7)
1-set,subtb_gfn_fl1,subtb_gfn,True,large,0.8,3,32.0,0.6995497316483809,ss(3)_ms(0)_md(on)_mdfr(0)_upb(1)_sz(large)_m(fl_subtb_gfn)_a(0.8)
1-set,subtb_gfn_fl1,subtb_gfn,True,large,0.6,2,746.0,0.8859473826052248,ss(2)_ms(0)_md(on)_mdfr(0)_upb(1)_sz(large)_m(fl_subtb_gfn)_a(0.6)
1-set,subtb_gfn_fl1,subtb_gfn,True,large,0.4,2,9.0,0.913010733749766,ss(2)_ms(0)_md(on)_mdfr(0)_upb(1)_sz(large)_m(fl_subtb_gfn)_a(0.4)
1-set,subtb_gfn_fl1,subtb_gfn,True,large,0.2,0,0.0,0.9650046707946988,ss(0)_ms(0)_md(on)_mdfr(0)_upb(1)_sz(large)_m(fl_subtb_gfn)_a(0.2)
1-set,subtb_gfn_fl1,subtb_gfn,True,large,0.1,3,0.0,0.9187487587487588,ss(3)_ms(0)_md(on)_mdfr(0)_upb(1)_sz(large)_m(fl_subtb_gfn)_a(0.1)
1-set,subtb_gfn_fl1,subtb_gfn,True,large,0.1,1,0.0,0.9506532535052132,ss(1)_ms(0)_md(on)_mdfr(0)_upb(1)_sz(large)_m(fl_subtb_gfn)_a(0.1)
1-set,subtb_gfn_fl1,subtb_gfn,True,large,0.9,2,5.0,0.4930819885612346,ss(2)_ms(0)_md(on)_mdfr(0)_upb(1)_sz(large)_m(fl_subtb_gfn)_a(0.9)
1-set,subtb_gfn_fl1,subtb_gfn,True,large,0.8,4,2.0,0.6441061281061281,ss(4)_ms(0)_md(on)_mdfr(0)_upb(1)_sz(large)_m(fl_subtb_gfn)_a(0.8)
1-set,subtb_gfn_fl1,subtb_gfn,True,large,0.7,2,173.0,0.8038119982234342,ss(2)_ms(0)_md(on)_mdfr(0)_upb(1)_sz(large)_m(fl_subtb_gfn)_a(0.7)
1-set,subtb_gfn_fl1,subtb_gfn,True,large,0.8,2,51.0,0.6201133521133522,ss(2)_ms(0)_md(on)_mdfr(0)_upb(1)_sz(large)_m(fl_subtb_gfn)_a(0.8)
1-set,subtb_gfn_fl1,subtb_gfn,True,large,0.7,1,682.0,0.7741049221049221,ss(1)_ms(0)_md(on)_mdfr(0)_upb(1)_sz(large)_m(fl_subtb_gfn)_a(0.7)
1-set,subtb_gfn_fl1,subtb_gfn,True,large,0.6,1,410.0,0.917880758141685,ss(1)_ms(0)_md(on)_mdfr(0)_upb(1)_sz(large)_m(fl_subtb_gfn)_a(0.6)
1-set,subtb_gfn_fl1,subtb_gfn,True,large,0.9,0,338.0,0.5492148812148813,ss(0)_ms(0)_md(on)_mdfr(0)_upb(1)_sz(large)_m(fl_subtb_gfn)_a(0.9)
1-set,subtb_gfn_fl1,subtb_gfn,True,large,0.7,4,0.0,0.7996851040841596,ss(4)_ms(0)_md(on)_mdfr(0)_upb(1)_sz(large)_m(fl_subtb_gfn)_a(0.7)
1-set,subtb_gfn_fl1,subtb_gfn,True,large,0.1,4,0.0,0.9315241875241876,ss(4)_ms(0)_md(on)_mdfr(0)_upb(1)_sz(large)_m(fl_subtb_gfn)_a(0.1)
1-set,subtb_gfn_fl1,subtb_gfn,True,large,0.4,3,9.0,0.9136403563812776,ss(3)_ms(0)_md(on)_mdfr(0)_upb(1)_sz(large)_m(fl_subtb_gfn)_a(0.4)
1-set,subtb_gfn_fl1,subtb_gfn,True,large,0.2,4,1.0,0.9693714390038964,ss(4)_ms(0)_md(on)_mdfr(0)_upb(1)_sz(large)_m(fl_subtb_gfn)_a(0.2)
1-set,subtb_gfn_fl1,subtb_gfn,True,large,0.4,4,35.0,0.9223481383481384,ss(4)_ms(0)_md(on)_mdfr(0)_upb(1)_sz(large)_m(fl_subtb_gfn)_a(0.4)
1-set,subtb_gfn_fl1,subtb_gfn,True,large,0.6,0,513.0,0.8322826002826004,ss(0)_ms(0)_md(on)_mdfr(0)_upb(1)_sz(large)_m(fl_subtb_gfn)_a(0.6)
1-set,subtb_gfn_fl1,subtb_gfn,True,large,0.7,0,415.0,0.8260903900903902,ss(0)_ms(0)_md(on)_mdfr(0)_upb(1)_sz(large)_m(fl_subtb_gfn)_a(0.7)
1-set,subtb_gfn_fl1,subtb_gfn,True,large,0.2,2,0.0,0.8944125750958128,ss(2)_ms(0)_md(on)_mdfr(0)_upb(1)_sz(large)_m(fl_subtb_gfn)_a(0.2)
1-set,subtb_gfn_fl1,subtb_gfn,True,large,0.2,1,0.0,0.9536973505584428,ss(1)_ms(0)_md(on)_mdfr(0)_upb(1)_sz(large)_m(fl_subtb_gfn)_a(0.2)
1-set,subtb_gfn_fl1,subtb_gfn,True,large,0.5,2,46.0,0.9127204927204928,ss(2)_ms(0)_md(on)_mdfr(0)_upb(1)_sz(large)_m(fl_subtb_gfn)_a(0.5)
1-set,subtb_gfn_fl1,subtb_gfn,True,large,0.4,0,26.0,0.942467228949434,ss(0)_ms(0)_md(on)_mdfr(0)_upb(1)_sz(large)_m(fl_subtb_gfn)_a(0.4)
1-set,subtb_gfn_fl1,subtb_gfn,True,large,0.6,4,126.0,0.8667292913294793,ss(4)_ms(0)_md(on)_mdfr(0)_upb(1)_sz(large)_m(fl_subtb_gfn)_a(0.6)
1-set,subtb_gfn_fl1,subtb_gfn,True,large,0.4,1,2.0,0.8829495062472034,ss(1)_ms(0)_md(on)_mdfr(0)_upb(1)_sz(large)_m(fl_subtb_gfn)_a(0.4)
1-set,subtb_gfn_fl1,subtb_gfn,True,large,0.5,4,115.0,0.9098574753166202,ss(4)_ms(0)_md(on)_mdfr(0)_upb(1)_sz(large)_m(fl_subtb_gfn)_a(0.5)
1-set,subtb_gfn_fl1,subtb_gfn,True,large,0.9,3,11.0,0.5337140577140577,ss(3)_ms(0)_md(on)_mdfr(0)_upb(1)_sz(large)_m(fl_subtb_gfn)_a(0.9)
1-set,subtb_gfn_fl1,subtb_gfn,True,large,0.8,0,684.0,0.6695261015261016,ss(0)_ms(0)_md(on)_mdfr(0)_upb(1)_sz(large)_m(fl_subtb_gfn)_a(0.8)
1-set,subtb_gfn_fl1,subtb_gfn,True,large,0.3,4,4.0,0.959503856382368,ss(4)_ms(0)_md(on)_mdfr(0)_upb(1)_sz(large)_m(fl_subtb_gfn)_a(0.3)
1-set,subtb_gfn_fl1,subtb_gfn,True,large,0.1,2,0.0,0.9450745464154412,ss(2)_ms(0)_md(on)_mdfr(0)_upb(1)_sz(large)_m(fl_subtb_gfn)_a(0.1)
1-set,subtb_gfn_fl1,subtb_gfn,True,large,0.3,0,3.0,0.9512999758616756,ss(0)_ms(0)_md(on)_mdfr(0)_upb(1)_sz(large)_m(fl_subtb_gfn)_a(0.3)
1-set,subtb_gfn_fl1,subtb_gfn,True,large,0.8,1,375.0,0.6509817769347223,ss(1)_ms(0)_md(on)_mdfr(0)_upb(1)_sz(large)_m(fl_subtb_gfn)_a(0.8)
1-set,subtb_gfn_fl1,subtb_gfn,True,large,0.2,3,0.0,0.9544443690343684,ss(3)_ms(0)_md(on)_mdfr(0)_upb(1)_sz(large)_m(fl_subtb_gfn)_a(0.2)
1-set,subtb_gfn_fl1,subtb_gfn,True,large,0.5,0,97.0,0.8713223593223595,ss(0)_ms(0)_md(on)_mdfr(0)_upb(1)_sz(large)_m(fl_subtb_gfn)_a(0.5)
1-set,subtb_gfn_fl1,subtb_gfn,True,large,0.9,1,369.0,0.5694747491831734,ss(1)_ms(0)_md(on)_mdfr(0)_upb(1)_sz(large)_m(fl_subtb_gfn)_a(0.9)
1-set,subtb_gfn_fl1,subtb_gfn,True,large,0.3,3,1.0,0.9077720652186976,ss(3)_ms(0)_md(on)_mdfr(0)_upb(1)_sz(large)_m(fl_subtb_gfn)_a(0.3)
1-set,subtb_gfn_fl1,subtb_gfn,True,large,0.5,3,72.0,0.939057896692244,ss(3)_ms(0)_md(on)_mdfr(0)_upb(1)_sz(large)_m(fl_subtb_gfn)_a(0.5)
1-set,subtb_gfn_fl0,subtb_gfn,False,large,0.9,3,0.0,0.8964484032057841,ss(3)_ms(0)_md(on)_mdfr(0)_upb(1)_sz(large)_m(subtb_gfn)_a(0.9)
1-set,subtb_gfn_fl0,subtb_gfn,False,large,0.2,4,0.0,0.9281502632880664,ss(4)_ms(0)_md(on)_mdfr(0)_upb(1)_sz(large)_m(subtb_gfn)_a(0.2)
1-set,subtb_gfn_fl0,subtb_gfn,False,large,0.7,4,0.0,0.9287386898835542,ss(4)_ms(0)_md(on)_mdfr(0)_upb(1)_sz(large)_m(subtb_gfn)_a(0.7)
1-set,subtb_gfn_fl0,subtb_gfn,False,large,0.5,3,0.0,0.950236357639194,ss(3)_ms(0)_md(on)_mdfr(0)_upb(1)_sz(large)_m(subtb_gfn)_a(0.5)
1-set,subtb_gfn_fl0,subtb_gfn,False,large,0.9,1,0.0,0.9154562909490288,ss(1)_ms(0)_md(on)_mdfr(0)_upb(1)_sz(large)_m(subtb_gfn)_a(0.9)
1-set,subtb_gfn_fl0,subtb_gfn,False,large,0.8,2,0.0,0.9202578050185783,ss(2)_ms(0)_md(on)_mdfr(0)_upb(1)_sz(large)_m(subtb_gfn)_a(0.8)
1-set,subtb_gfn_fl0,subtb_gfn,False,large,0.3,2,0.0,0.9372094812094814,ss(2)_ms(0)_md(on)_mdfr(0)_upb(1)_sz(large)_m(subtb_gfn)_a(0.3)
1-set,subtb_gfn_fl0,subtb_gfn,False,large,0.5,2,0.0,0.953696486557576,ss(2)_ms(0)_md(on)_mdfr(0)_upb(1)_sz(large)_m(subtb_gfn)_a(0.5)
1-set,subtb_gfn_fl0,subtb_gfn,False,large,0.1,4,0.0,0.8778572891244328,ss(4)_ms(0)_md(on)_mdfr(0)_upb(1)_sz(large)_m(subtb_gfn)_a(0.1)
1-set,subtb_gfn_fl0,subtb_gfn,False,large,0.3,1,0.0,0.9031721174292158,ss(1)_ms(0)_md(on)_mdfr(0)_upb(1)_sz(large)_m(subtb_gfn)_a(0.3)
1-set,subtb_gfn_fl0,subtb_gfn,False,large,0.2,1,0.0,0.9728398957584156,ss(1)_ms(0)_md(on)_mdfr(0)_upb(1)_sz(large)_m(subtb_gfn)_a(0.2)
1-set,subtb_gfn_fl0,subtb_gfn,False,large,0.2,2,0.0,0.9561874516617012,ss(2)_ms(0)_md(on)_mdfr(0)_upb(1)_sz(large)_m(subtb_gfn)_a(0.2)
1-set,subtb_gfn_fl0,subtb_gfn,False,large,0.6,0,0.0,0.9485813431185752,ss(0)_ms(0)_md(on)_mdfr(0)_upb(1)_sz(large)_m(subtb_gfn)_a(0.6)
1-set,subtb_gfn_fl0,subtb_gfn,False,large,0.5,0,0.0,0.941184550831658,ss(0)_ms(0)_md(on)_mdfr(0)_upb(1)_sz(large)_m(subtb_gfn)_a(0.5)
1-set,subtb_gfn_fl0,subtb_gfn,False,large,0.7,3,0.0,0.9130273827227936,ss(3)_ms(0)_md(on)_mdfr(0)_upb(1)_sz(large)_m(subtb_gfn)_a(0.7)
1-set,subtb_gfn_fl0,subtb_gfn,False,large,0.8,3,10.0,0.922992079299008,ss(3)_ms(0)_md(on)_mdfr(0)_upb(1)_sz(large)_m(subtb_gfn)_a(0.8)
1-set,subtb_gfn_fl0,subtb_gfn,False,large,0.8,0,0.0,0.9140320602583488,ss(0)_ms(0)_md(on)_mdfr(0)_upb(1)_sz(large)_m(subtb_gfn)_a(0.8)
1-set,subtb_gfn_fl0,subtb_gfn,False,large,0.4,0,0.0,0.9220628938938372,ss(0)_ms(0)_md(on)_mdfr(0)_upb(1)_sz(large)_m(subtb_gfn)_a(0.4)
1-set,subtb_gfn_fl0,subtb_gfn,False,large,0.3,0,0.0,0.9395741068489962,ss(0)_ms(0)_md(on)_mdfr(0)_upb(1)_sz(large)_m(subtb_gfn)_a(0.3)
1-set,subtb_gfn_fl0,subtb_gfn,False,large,0.7,1,0.0,0.9420168660168662,ss(1)_ms(0)_md(on)_mdfr(0)_upb(1)_sz(large)_m(subtb_gfn)_a(0.7)
1-set,subtb_gfn_fl0,subtb_gfn,False,large,0.2,0,0.0,0.9256806256806256,ss(0)_ms(0)_md(on)_mdfr(0)_upb(1)_sz(large)_m(subtb_gfn)_a(0.2)
1-set,subtb_gfn_fl0,subtb_gfn,False,large,0.1,2,0.0,0.9610607554766668,ss(2)_ms(0)_md(on)_mdfr(0)_upb(1)_sz(large)_m(subtb_gfn)_a(0.1)
1-set,subtb_gfn_fl0,subtb_gfn,False,large,0.6,2,0.0,0.8772324244958191,ss(2)_ms(0)_md(on)_mdfr(0)_upb(1)_sz(large)_m(subtb_gfn)_a(0.6)
1-set,subtb_gfn_fl0,subtb_gfn,False,large,0.1,1,0.0,0.9576369391285824,ss(1)_ms(0)_md(on)_mdfr(0)_upb(1)_sz(large)_m(subtb_gfn)_a(0.1)
1-set,subtb_gfn_fl0,subtb_gfn,False,large,0.4,4,0.0,0.909968907428721,ss(4)_ms(0)_md(on)_mdfr(0)_upb(1)_sz(large)_m(subtb_gfn)_a(0.4)
1-set,subtb_gfn_fl0,subtb_gfn,False,large,0.6,3,0.0,0.949202844898062,ss(3)_ms(0)_md(on)_mdfr(0)_upb(1)_sz(large)_m(subtb_gfn)_a(0.6)
1-set,subtb_gfn_fl0,subtb_gfn,False,large,0.8,1,0.0,0.8892963453000123,ss(1)_ms(0)_md(on)_mdfr(0)_upb(1)_sz(large)_m(subtb_gfn)_a(0.8)
1-set,subtb_gfn_fl0,subtb_gfn,False,large,0.5,4,0.0,0.9345125441196194,ss(4)_ms(0)_md(on)_mdfr(0)_upb(1)_sz(large)_m(subtb_gfn)_a(0.5)
1-set,subtb_gfn_fl0,subtb_gfn,False,large,0.6,4,0.0,0.9060801687984094,ss(4)_ms(0)_md(on)_mdfr(0)_upb(1)_sz(large)_m(subtb_gfn)_a(0.6)
1-set,subtb_gfn_fl0,subtb_gfn,False,large,0.6,1,0.0,0.921556772615454,ss(1)_ms(0)_md(on)_mdfr(0)_upb(1)_sz(large)_m(subtb_gfn)_a(0.6)
1-set,subtb_gfn_fl0,subtb_gfn,False,large,0.3,3,0.0,0.953282489002184,ss(3)_ms(0)_md(on)_mdfr(0)_upb(1)_sz(large)_m(subtb_gfn)_a(0.3)
1-set,subtb_gfn_fl0,subtb_gfn,False,large,0.9,0,0.0,0.9390811978984416,ss(0)_ms(0)_md(on)_mdfr(0)_upb(1)_sz(large)_m(subtb_gfn)_a(0.9)
1-set,subtb_gfn_fl0,subtb_gfn,False,large,0.7,2,0.0,0.9230946134024648,ss(2)_ms(0)_md(on)_mdfr(0)_upb(1)_sz(large)_m(subtb_gfn)_a(0.7)
1-set,subtb_gfn_fl0,subtb_gfn,False,large,0.1,3,0.0,0.924519510066627,ss(3)_ms(0)_md(on)_mdfr(0)_upb(1)_sz(large)_m(subtb_gfn)_a(0.1)
1-set,subtb_gfn_fl0,subtb_gfn,False,large,0.5,1,0.0,0.938774327223296,ss(1)_ms(0)_md(on)_mdfr(0)_upb(1)_sz(large)_m(subtb_gfn)_a(0.5)
1-set,subtb_gfn_fl0,subtb_gfn,False,large,0.3,4,0.0,0.846888762888763,ss(4)_ms(0)_md(on)_mdfr(0)_upb(1)_sz(large)_m(subtb_gfn)_a(0.3)
1-set,subtb_gfn_fl0,subtb_gfn,False,large,0.1,0,0.0,0.9243522142174976,ss(0)_ms(0)_md(on)_mdfr(0)_upb(1)_sz(large)_m(subtb_gfn)_a(0.1)
1-set,subtb_gfn_fl0,subtb_gfn,False,large,0.4,3,0.0,0.9257703133249352,ss(3)_ms(0)_md(on)_mdfr(0)_upb(1)_sz(large)_m(subtb_gfn)_a(0.4)
1-set,subtb_gfn_fl0,subtb_gfn,False,large,0.4,1,0.0,0.9336187084195644,ss(1)_ms(0)_md(on)_mdfr(0)_upb(1)_sz(large)_m(subtb_gfn)_a(0.4)
1-set,subtb_gfn_fl0,subtb_gfn,False,large,0.2,3,0.0,0.8566124908918409,ss(3)_ms(0)_md(on)_mdfr(0)_upb(1)_sz(large)_m(subtb_gfn)_a(0.2)
1-set,subtb_gfn_fl0,subtb_gfn,False,large,0.8,4,0.0,0.9350340014493076,ss(4)_ms(0)_md(on)_mdfr(0)_upb(1)_sz(large)_m(subtb_gfn)_a(0.8)
1-set,subtb_gfn_fl0,subtb_gfn,False,large,0.9,4,0.0,0.9197335120111138,ss(4)_ms(0)_md(on)_mdfr(0)_upb(1)_sz(large)_m(subtb_gfn)_a(0.9)
1-set,subtb_gfn_fl0,subtb_gfn,False,large,0.7,0,0.0,0.9025516159669256,ss(0)_ms(0)_md(on)_mdfr(0)_upb(1)_sz(large)_m(subtb_gfn)_a(0.7)
1-set,subtb_gfn_fl0,subtb_gfn,False,large,0.4,2,0.0,0.930937422937423,ss(2)_ms(0)_md(on)_mdfr(0)_upb(1)_sz(large)_m(subtb_gfn)_a(0.4)
1-set,subtb_gfn_fl0,subtb_gfn,False,large,0.9,2,0.0,0.917817548077906,ss(2)_ms(0)_md(on)_mdfr(0)_upb(1)_sz(large)_m(subtb_gfn)_a(0.9)
1-set,subtb_gfn_fl0,subtb_gfn,False,small,0.7,0,32.0,0.9975978912375854,ss(0)_ms(0)_md(on)_mdfr(0)_upb(1)_sz(small)_m(subtb_gfn)_a(0.7)
1-set,subtb_gfn_fl0,subtb_gfn,False,small,0.2,1,21.0,0.9936369837016312,ss(1)_ms(0)_md(on)_mdfr(0)_upb(1)_sz(small)_m(subtb_gfn)_a(0.2)
1-set,subtb_gfn_fl0,subtb_gfn,False,small,0.2,4,30.0,0.9936220616845156,ss(4)_ms(0)_md(on)_mdfr(0)_upb(1)_sz(small)_m(subtb_gfn)_a(0.2)
1-set,subtb_gfn_fl0,subtb_gfn,False,small,0.7,2,25.0,0.9966610171701976,ss(2)_ms(0)_md(on)_mdfr(0)_upb(1)_sz(small)_m(subtb_gfn)_a(0.7)
1-set,subtb_gfn_fl0,subtb_gfn,False,medium,0.4,4,0.0,0.9792894819788244,ss(4)_ms(0)_md(on)_mdfr(0)_upb(1)_sz(medium)_m(subtb_gfn)_a(0.4)
1-set,subtb_gfn_fl0,subtb_gfn,False,small,0.9,1,19.0,0.9973926730015844,ss(1)_ms(0)_md(on)_mdfr(0)_upb(1)_sz(small)_m(subtb_gfn)_a(0.9)
1-set,subtb_gfn_fl0,subtb_gfn,False,small,0.5,3,23.0,0.992650879548522,ss(3)_ms(0)_md(on)_mdfr(0)_upb(1)_sz(small)_m(subtb_gfn)_a(0.5)
1-set,subtb_gfn_fl0,subtb_gfn,False,medium,0.9,2,14.0,0.9555655585660092,ss(2)_ms(0)_md(on)_mdfr(0)_upb(1)_sz(medium)_m(subtb_gfn)_a(0.9)
1-set,subtb_gfn_fl0,subtb_gfn,False,medium,0.4,1,0.0,0.9516241773339223,ss(1)_ms(0)_md(on)_mdfr(0)_upb(1)_sz(medium)_m(subtb_gfn)_a(0.4)
1-set,subtb_gfn_fl0,subtb_gfn,False,medium,0.2,4,0.0,0.9869467438292646,ss(4)_ms(0)_md(on)_mdfr(0)_upb(1)_sz(medium)_m(subtb_gfn)_a(0.2)
1-set,subtb_gfn_fl0,subtb_gfn,False,small,0.3,3,25.0,0.9912820739743956,ss(3)_ms(0)_md(on)_mdfr(0)_upb(1)_sz(small)_m(subtb_gfn)_a(0.3)
1-set,subtb_gfn_fl0,subtb_gfn,False,medium,0.9,4,1.0,0.961113909530618,ss(4)_ms(0)_md(on)_mdfr(0)_upb(1)_sz(medium)_m(subtb_gfn)_a(0.9)
1-set,subtb_gfn_fl0,subtb_gfn,False,medium,0.1,0,0.0,0.9814716663049112,ss(0)_ms(0)_md(on)_mdfr(0)_upb(1)_sz(medium)_m(subtb_gfn)_a(0.1)
1-set,subtb_gfn_fl0,subtb_gfn,False,medium,0.8,2,3.0,0.9704161078722442,ss(2)_ms(0)_md(on)_mdfr(0)_upb(1)_sz(medium)_m(subtb_gfn)_a(0.8)
1-set,subtb_gfn_fl0,subtb_gfn,False,small,0.8,4,28.0,0.9971158536745892,ss(4)_ms(0)_md(on)_mdfr(0)_upb(1)_sz(small)_m(subtb_gfn)_a(0.8)
1-set,subtb_gfn_fl0,subtb_gfn,False,medium,0.3,0,0.0,0.9757679646952688,ss(0)_ms(0)_md(on)_mdfr(0)_upb(1)_sz(medium)_m(subtb_gfn)_a(0.3)
1-set,subtb_gfn_fl0,subtb_gfn,False,small,0.9,0,28.0,0.9965018429771298,ss(0)_ms(0)_md(on)_mdfr(0)_upb(1)_sz(small)_m(subtb_gfn)_a(0.9)
1-set,subtb_gfn_fl0,subtb_gfn,False,medium,0.4,2,0.0,0.9782472355946524,ss(2)_ms(0)_md(on)_mdfr(0)_upb(1)_sz(medium)_m(subtb_gfn)_a(0.4)
1-set,subtb_gfn_fl0,subtb_gfn,False,small,0.2,0,22.0,0.990541946151623,ss(0)_ms(0)_md(on)_mdfr(0)_upb(1)_sz(small)_m(subtb_gfn)_a(0.2)
1-set,subtb_gfn_fl0,subtb_gfn,False,medium,0.3,2,0.0,0.9661500837438848,ss(2)_ms(0)_md(on)_mdfr(0)_upb(1)_sz(medium)_m(subtb_gfn)_a(0.3)
1-set,subtb_gfn_fl0,subtb_gfn,False,medium,0.2,0,0.0,0.9767123024328502,ss(0)_ms(0)_md(on)_mdfr(0)_upb(1)_sz(medium)_m(subtb_gfn)_a(0.2)
1-set,subtb_gfn_fl0,subtb_gfn,False,medium,0.7,1,0.0,0.9510675970660092,ss(1)_ms(0)_md(on)_mdfr(0)_upb(1)_sz(medium)_m(subtb_gfn)_a(0.7)
1-set,subtb_gfn_fl0,subtb_gfn,False,small,0.5,4,22.0,0.9946905518941452,ss(4)_ms(0)_md(on)_mdfr(0)_upb(1)_sz(small)_m(subtb_gfn)_a(0.5)
1-set,subtb_gfn_fl0,subtb_gfn,False,medium,0.1,3,0.0,0.9602860442860442,ss(3)_ms(0)_md(on)_mdfr(0)_upb(1)_sz(medium)_m(subtb_gfn)_a(0.1)
1-set,subtb_gfn_fl0,subtb_gfn,False,small,0.7,1,29.0,0.9976312632759632,ss(1)_ms(0)_md(on)_mdfr(0)_upb(1)_sz(small)_m(subtb_gfn)_a(0.7)
1-set,subtb_gfn_fl0,subtb_gfn,False,medium,0.7,2,1.0,0.9622645394156156,ss(2)_ms(0)_md(on)_mdfr(0)_upb(1)_sz(medium)_m(subtb_gfn)_a(0.7)
1-set,subtb_gfn_fl0,subtb_gfn,False,medium,0.5,4,0.0,0.9697136008050096,ss(4)_ms(0)_md(on)_mdfr(0)_upb(1)_sz(medium)_m(subtb_gfn)_a(0.5)
1-set,subtb_gfn_fl0,subtb_gfn,False,small,0.4,0,18.0,0.9966940232080554,ss(0)_ms(0)_md(on)_mdfr(0)_upb(1)_sz(small)_m(subtb_gfn)_a(0.4)
1-set,subtb_gfn_fl0,subtb_gfn,False,small,0.7,4,24.0,0.9967507922634214,ss(4)_ms(0)_md(on)_mdfr(0)_upb(1)_sz(small)_m(subtb_gfn)_a(0.7)
1-set,subtb_gfn_fl0,subtb_gfn,False,medium,0.6,0,2.0,0.9254528628013032,ss(0)_ms(0)_md(on)_mdfr(0)_upb(1)_sz(medium)_m(subtb_gfn)_a(0.6)
1-set,subtb_gfn_fl0,subtb_gfn,False,small,0.3,1,18.0,0.9939728520868722,ss(1)_ms(0)_md(on)_mdfr(0)_upb(1)_sz(small)_m(subtb_gfn)_a(0.3)
1-set,subtb_gfn_fl0,subtb_gfn,False,medium,0.2,2,0.0,0.9798038356826586,ss(2)_ms(0)_md(on)_mdfr(0)_upb(1)_sz(medium)_m(subtb_gfn)_a(0.2)
1-set,subtb_gfn_fl0,subtb_gfn,False,small,0.1,3,23.0,0.9892306866476084,ss(3)_ms(0)_md(on)_mdfr(0)_upb(1)_sz(small)_m(subtb_gfn)_a(0.1)
1-set,subtb_gfn_fl0,subtb_gfn,False,medium,0.7,4,0.0,0.9431955333864264,ss(4)_ms(0)_md(on)_mdfr(0)_upb(1)_sz(medium)_m(subtb_gfn)_a(0.7)
1-set,subtb_gfn_fl0,subtb_gfn,False,small,0.2,2,19.0,0.9863670813630532,ss(2)_ms(0)_md(on)_mdfr(0)_upb(1)_sz(small)_m(subtb_gfn)_a(0.2)
1-set,subtb_gfn_fl0,subtb_gfn,False,medium,0.1,2,0.0,0.9705602745602746,ss(2)_ms(0)_md(on)_mdfr(0)_upb(1)_sz(medium)_m(subtb_gfn)_a(0.1)
1-set,subtb_gfn_fl0,subtb_gfn,False,medium,0.8,0,0.0,0.9763275893564046,ss(0)_ms(0)_md(on)_mdfr(0)_upb(1)_sz(medium)_m(subtb_gfn)_a(0.8)
1-set,subtb_gfn_fl0,subtb_gfn,False,medium,0.8,1,1.0,0.9696313545164952,ss(1)_ms(0)_md(on)_mdfr(0)_upb(1)_sz(medium)_m(subtb_gfn)_a(0.8)
1-set,subtb_gfn_fl0,subtb_gfn,False,medium,0.3,1,0.0,0.9626705719986424,ss(1)_ms(0)_md(on)_mdfr(0)_upb(1)_sz(medium)_m(subtb_gfn)_a(0.3)
1-set,subtb_gfn_fl0,subtb_gfn,False,medium,0.3,4,0.0,0.9813770522094458,ss(4)_ms(0)_md(on)_mdfr(0)_upb(1)_sz(medium)_m(subtb_gfn)_a(0.3)
1-set,subtb_gfn_fl0,subtb_gfn,False,small,0.9,3,34.0,0.99733954594847,ss(3)_ms(0)_md(on)_mdfr(0)_upb(1)_sz(small)_m(subtb_gfn)_a(0.9)
1-set,subtb_gfn_fl0,subtb_gfn,False,small,0.4,2,18.0,0.9853918522444652,ss(2)_ms(0)_md(on)_mdfr(0)_upb(1)_sz(small)_m(subtb_gfn)_a(0.4)
1-set,subtb_gfn_fl0,subtb_gfn,False,medium,0.7,0,0.0,0.947798123030018,ss(0)_ms(0)_md(on)_mdfr(0)_upb(1)_sz(medium)_m(subtb_gfn)_a(0.7)
1-set,subtb_gfn_fl0,subtb_gfn,False,medium,0.6,3,0.0,0.9607203816565724,ss(3)_ms(0)_md(on)_mdfr(0)_upb(1)_sz(medium)_m(subtb_gfn)_a(0.6)
1-set,subtb_gfn_fl0,subtb_gfn,False,small,0.5,1,22.0,0.9944768346483702,ss(1)_ms(0)_md(on)_mdfr(0)_upb(1)_sz(small)_m(subtb_gfn)_a(0.5)
1-set,subtb_gfn_fl0,subtb_gfn,False,small,0.1,1,20.0,0.9785359563807526,ss(1)_ms(0)_md(on)_mdfr(0)_upb(1)_sz(small)_m(subtb_gfn)_a(0.1)
1-set,subtb_gfn_fl0,subtb_gfn,False,small,0.1,2,21.0,0.9915624302968052,ss(2)_ms(0)_md(on)_mdfr(0)_upb(1)_sz(small)_m(subtb_gfn)_a(0.1)
1-set,subtb_gfn_fl0,subtb_gfn,False,medium,0.1,1,0.0,0.9803956043956044,ss(1)_ms(0)_md(on)_mdfr(0)_upb(1)_sz(medium)_m(subtb_gfn)_a(0.1)
1-set,subtb_gfn_fl0,subtb_gfn,False,small,0.9,4,30.0,0.997448782073764,ss(4)_ms(0)_md(on)_mdfr(0)_upb(1)_sz(small)_m(subtb_gfn)_a(0.9)
1-set,subtb_gfn_fl0,subtb_gfn,False,medium,0.9,0,0.0,0.934723029548044,ss(0)_ms(0)_md(on)_mdfr(0)_upb(1)_sz(medium)_m(subtb_gfn)_a(0.9)
1-set,subtb_gfn_fl0,subtb_gfn,False,small,0.3,4,25.0,0.9941063252222844,ss(4)_ms(0)_md(on)_mdfr(0)_upb(1)_sz(small)_m(subtb_gfn)_a(0.3)
1-set,subtb_gfn_fl0,subtb_gfn,False,medium,0.8,3,1.0,0.9384664543608412,ss(3)_ms(0)_md(on)_mdfr(0)_upb(1)_sz(medium)_m(subtb_gfn)_a(0.8)
1-set,subtb_gfn_fl0,subtb_gfn,False,medium,0.4,0,0.0,0.9538026172482488,ss(0)_ms(0)_md(on)_mdfr(0)_upb(1)_sz(medium)_m(subtb_gfn)_a(0.4)
1-set,subtb_gfn_fl0,subtb_gfn,False,medium,0.1,4,0.0,0.9786730174810748,ss(4)_ms(0)_md(on)_mdfr(0)_upb(1)_sz(medium)_m(subtb_gfn)_a(0.1)
1-set,subtb_gfn_fl0,subtb_gfn,False,medium,0.3,3,0.0,0.979437079313702,ss(3)_ms(0)_md(on)_mdfr(0)_upb(1)_sz(medium)_m(subtb_gfn)_a(0.3)
1-set,subtb_gfn_fl0,subtb_gfn,False,small,0.6,1,28.0,0.9977890004639944,ss(1)_ms(0)_md(on)_mdfr(0)_upb(1)_sz(small)_m(subtb_gfn)_a(0.6)
1-set,subtb_gfn_fl0,subtb_gfn,False,medium,0.9,3,0.0,0.9575889539527884,ss(3)_ms(0)_md(on)_mdfr(0)_upb(1)_sz(medium)_m(subtb_gfn)_a(0.9)
1-set,subtb_gfn_fl0,subtb_gfn,False,small,0.3,0,23.0,0.9943900685654194,ss(0)_ms(0)_md(on)_mdfr(0)_upb(1)_sz(small)_m(subtb_gfn)_a(0.3)
1-set,subtb_gfn_fl0,subtb_gfn,False,small,0.6,4,27.0,0.9970145015756442,ss(4)_ms(0)_md(on)_mdfr(0)_upb(1)_sz(small)_m(subtb_gfn)_a(0.6)
1-set,subtb_gfn_fl0,subtb_gfn,False,medium,0.6,4,0.0,0.9559808256430514,ss(4)_ms(0)_md(on)_mdfr(0)_upb(1)_sz(medium)_m(subtb_gfn)_a(0.6)
1-set,subtb_gfn_fl0,subtb_gfn,False,small,0.1,4,24.0,0.9923916432504,ss(4)_ms(0)_md(on)_mdfr(0)_upb(1)_sz(small)_m(subtb_gfn)_a(0.1)
1-set,subtb_gfn_fl0,subtb_gfn,False,small,0.8,2,42.0,0.9982960250455516,ss(2)_ms(0)_md(on)_mdfr(0)_upb(1)_sz(small)_m(subtb_gfn)_a(0.8)
1-set,subtb_gfn_fl0,subtb_gfn,False,small,0.6,2,25.0,0.9976052922532812,ss(2)_ms(0)_md(on)_mdfr(0)_upb(1)_sz(small)_m(subtb_gfn)_a(0.6)
1-set,subtb_gfn_fl0,subtb_gfn,False,medium,0.5,3,0.0,0.9587318651128433,ss(3)_ms(0)_md(on)_mdfr(0)_upb(1)_sz(medium)_m(subtb_gfn)_a(0.5)
1-set,subtb_gfn_fl0,subtb_gfn,False,small,0.6,3,24.0,0.99281907774195,ss(3)_ms(0)_md(on)_mdfr(0)_upb(1)_sz(small)_m(subtb_gfn)_a(0.6)
1-set,subtb_gfn_fl0,subtb_gfn,False,medium,0.2,3,0.0,0.967708759515012,ss(3)_ms(0)_md(on)_mdfr(0)_upb(1)_sz(medium)_m(subtb_gfn)_a(0.2)
1-set,subtb_gfn_fl0,subtb_gfn,False,small,0.8,3,44.0,0.995894216290677,ss(3)_ms(0)_md(on)_mdfr(0)_upb(1)_sz(small)_m(subtb_gfn)_a(0.8)
1-set,subtb_gfn_fl0,subtb_gfn,False,medium,0.5,0,0.0,0.9645938526378872,ss(0)_ms(0)_md(on)_mdfr(0)_upb(1)_sz(medium)_m(subtb_gfn)_a(0.5)
1-set,subtb_gfn_fl0,subtb_gfn,False,small,0.8,1,28.0,0.996515607003412,ss(1)_ms(0)_md(on)_mdfr(0)_upb(1)_sz(small)_m(subtb_gfn)_a(0.8)
1-set,subtb_gfn_fl0,subtb_gfn,False,small,0.7,3,43.0,0.99702070558276,ss(3)_ms(0)_md(on)_mdfr(0)_upb(1)_sz(small)_m(subtb_gfn)_a(0.7)
1-set,subtb_gfn_fl0,subtb_gfn,False,medium,0.2,1,0.0,0.985200451111654,ss(1)_ms(0)_md(on)_mdfr(0)_upb(1)_sz(medium)_m(subtb_gfn)_a(0.2)
1-set,subtb_gfn_fl0,subtb_gfn,False,small,0.8,0,29.0,0.9959726003564182,ss(0)_ms(0)_md(on)_mdfr(0)_upb(1)_sz(small)_m(subtb_gfn)_a(0.8)
1-set,subtb_gfn_fl0,subtb_gfn,False,small,0.1,0,23.0,0.9916341454043756,ss(0)_ms(0)_md(on)_mdfr(0)_upb(1)_sz(small)_m(subtb_gfn)_a(0.1)
1-set,subtb_gfn_fl0,subtb_gfn,False,small,0.5,0,20.0,0.9830586715683068,ss(0)_ms(0)_md(on)_mdfr(0)_upb(1)_sz(small)_m(subtb_gfn)_a(0.5)
1-set,subtb_gfn_fl0,subtb_gfn,False,small,0.4,4,25.0,0.99629707774165,ss(4)_ms(0)_md(on)_mdfr(0)_upb(1)_sz(small)_m(subtb_gfn)_a(0.4)
1-set,subtb_gfn_fl0,subtb_gfn,False,small,0.4,3,20.0,0.9960928045184576,ss(3)_ms(0)_md(on)_mdfr(0)_upb(1)_sz(small)_m(subtb_gfn)_a(0.4)
1-set,subtb_gfn_fl0,subtb_gfn,False,medium,0.6,1,0.0,0.9474018944570388,ss(1)_ms(0)_md(on)_mdfr(0)_upb(1)_sz(medium)_m(subtb_gfn)_a(0.6)
1-set,subtb_gfn_fl0,subtb_gfn,False,medium,0.4,3,0.0,0.981928539711682,ss(3)_ms(0)_md(on)_mdfr(0)_upb(1)_sz(medium)_m(subtb_gfn)_a(0.4)
1-set,subtb_gfn_fl0,subtb_gfn,False,small,0.6,0,33.0,0.9982903190390066,ss(0)_ms(0)_md(on)_mdfr(0)_upb(1)_sz(small)_m(subtb_gfn)_a(0.6)
1-set,subtb_gfn_fl0,subtb_gfn,False,medium,0.6,2,0.0,0.9623196277979889,ss(2)_ms(0)_md(on)_mdfr(0)_upb(1)_sz(medium)_m(subtb_gfn)_a(0.6)
1-set,subtb_gfn_fl0,subtb_gfn,False,medium,0.5,1,0.0,0.9685090744306748,ss(1)_ms(0)_md(on)_mdfr(0)_upb(1)_sz(medium)_m(subtb_gfn)_a(0.5)
1-set,subtb_gfn_fl0,subtb_gfn,False,medium,0.5,2,0.0,0.97756818476064,ss(2)_ms(0)_md(on)_mdfr(0)_upb(1)_sz(medium)_m(subtb_gfn)_a(0.5)
1-set,subtb_gfn_fl0,subtb_gfn,False,small,0.9,2,49.0,0.9962261636600984,ss(2)_ms(0)_md(on)_mdfr(0)_upb(1)_sz(small)_m(subtb_gfn)_a(0.9)
1-set,subtb_gfn_fl0,subtb_gfn,False,medium,0.7,3,0.0,0.9348527288459748,ss(3)_ms(0)_md(on)_mdfr(0)_upb(1)_sz(medium)_m(subtb_gfn)_a(0.7)
1-set,subtb_gfn_fl0,subtb_gfn,False,small,0.2,3,20.0,0.988798551118344,ss(3)_ms(0)_md(on)_mdfr(0)_upb(1)_sz(small)_m(subtb_gfn)_a(0.2)
1-set,subtb_gfn_fl0,subtb_gfn,False,small,0.5,2,13.0,0.9940037821223487,ss(2)_ms(0)_md(on)_mdfr(0)_upb(1)_sz(small)_m(subtb_gfn)_a(0.5)
1-set,subtb_gfn_fl0,subtb_gfn,False,small,0.4,1,17.0,0.9968911654341776,ss(1)_ms(0)_md(on)_mdfr(0)_upb(1)_sz(small)_m(subtb_gfn)_a(0.4)
1-set,subtb_gfn_fl0,subtb_gfn,False,medium,0.8,4,2.0,0.9671013223174084,ss(4)_ms(0)_md(on)_mdfr(0)_upb(1)_sz(medium)_m(subtb_gfn)_a(0.8)
1-set,subtb_gfn_fl0,subtb_gfn,False,small,0.3,2,17.0,0.993867356947471,ss(2)_ms(0)_md(on)_mdfr(0)_upb(1)_sz(small)_m(subtb_gfn)_a(0.3)
1-set,subtb_gfn_fl0,subtb_gfn,False,medium,0.9,1,11.0,0.970075698447288,ss(1)_ms(0)_md(on)_mdfr(0)_upb(1)_sz(medium)_m(subtb_gfn)_a(0.9)
7-mols,subtb,subtb,False,,0.7,0,15.0,0.6188893006164645,m(subtb)_a(0.7)_s(0)_v(False)
7-mols,db,db,False,,0.8,0,8.0,0.477614209037051,m(db)_a(0.8)_s(0)_v(False)
7-mols,subtb,subtb,False,,0.7,2,28.0,0.6443908669821141,m(subtb)_a(0.7)_s(2)_v(False)
7-mols,subtb,subtb,False,,0.1,1,22.0,0.5882216135026378,m(subtb)_a(0.1)_s(1)_v(False)
7-mols,fl_subtb,subtb,True,,0.2,0,5.0,-0.6355365759824186,m(fl_subtb)_a(0.2)_s(0)_v(False)
7-mols,fl_db,db,True,,0.1,2,5.0,-0.5693215798339443,m(fl_db)_a(0.1)_s(2)_v(False)
7-mols,fl_subtb,subtb,True,,0.2,3,14.0,-0.5496396165635531,m(fl_subtb)_a(0.2)_s(3)_v(False)
7-mols,db,db,False,,0.4,2,17.0,0.5524510894034549,m(db)_a(0.4)_s(2)_v(False)
7-mols,fl_db,db,True,,0.1,0,8.0,-0.5777404018990656,m(fl_db)_a(0.1)_s(0)_v(False)
7-mols,subtb,subtb,False,,0.9,3,32.0,0.5962160554108855,m(subtb)_a(0.9)_s(3)_v(False)
7-mols,subtb,subtb,False,,0.1,0,19.0,0.5748650184568239,m(subtb)_a(0.1)_s(0)_v(False)
7-mols,db,db,False,,0.2,0,12.0,0.43222463293837776,m(db)_a(0.2)_s(0)_v(False)
7-mols,db,db,False,,0.7,1,17.0,0.6068637326011235,m(db)_a(0.7)_s(1)_v(False)
7-mols,subtb,subtb,False,,0.3,3,23.0,0.6056913398340662,m(subtb)_a(0.3)_s(3)_v(False)
7-mols,db,db,False,,0.1,3,6.0,0.5197698455780684,m(db)_a(0.1)_s(3)_v(False)
7-mols,db,db,False,,0.8,4,6.0,0.4715514894065968,m(db)_a(0.8)_s(4)_v(False)
7-mols,subtb,subtb,False,,0.8,0,23.0,0.5986471744486762,m(subtb)_a(0.8)_s(0)_v(False)
7-mols,fl_db,db,True,,0.6,0,14.0,-0.6033658881409159,m(fl_db)_a(0.6)_s(0)_v(False)
7-mols,fl_db,db,True,,0.4,1,9.0,-0.585148694419349,m(fl_db)_a(0.4)_s(1)_v(False)
7-mols,subtb,subtb,False,,0.2,2,12.0,0.6303071166309819,m(subtb)_a(0.2)_s(2)_v(False)
7-mols,subtb,subtb,False,,0.7,4,23.0,0.6068952260904926,m(subtb)_a(0.7)_s(4)_v(False)
7-mols,fl_db,db,True,,0.1,4,6.0,-0.5769417639857678,m(fl_db)_a(0.1)_s(4)_v(False)
7-mols,db,db,False,,0.3,0,10.0,0.53702214651295,m(db)_a(0.3)_s(0)_v(False)
7-mols,fl_db,db,True,,0.5,0,11.0,-0.5832534648894484,m(fl_db)_a(0.5)_s(0)_v(False)
7-mols,db,db,False,,0.5,4,13.0,0.5124369290752188,m(db)_a(0.5)_s(4)_v(False)
7-mols,subtb,subtb,False,,0.1,3,15.0,0.5499591315914775,m(subtb)_a(0.1)_s(3)_v(False)
7-mols,db,db,False,,0.5,2,10.0,0.5146340964776954,m(db)_a(0.5)_s(2)_v(False)
7-mols,subtb,subtb,False,,0.8,3,29.0,0.6279729632966786,m(subtb)_a(0.8)_s(3)_v(False)
7-mols,db,db,False,,0.3,1,4.0,0.5353956017610264,m(db)_a(0.3)_s(1)_v(False)
7-mols,db,db,False,,0.1,4,5.0,0.4785841031260021,m(db)_a(0.1)_s(4)_v(False)
7-mols,subtb,subtb,False,,0.7,3,18.0,0.5938561919127489,m(subtb)_a(0.7)_s(3)_v(False)
7-mols,db,db,False,,0.9,0,12.0,0.48747908859513056,m(db)_a(0.9)_s(0)_v(False)
7-mols,fl_db,db,True,,0.2,2,7.0,-0.5574661629621145,m(fl_db)_a(0.2)_s(2)_v(False)
7-mols,fl_subtb,subtb,True,,0.1,4,9.0,-0.5774871974871104,m(fl_subtb)_a(0.1)_s(4)_v(False)
7-mols,db,db,False,,0.7,4,12.0,0.5290315660430943,m(db)_a(0.7)_s(4)_v(False)
7-mols,subtb,subtb,False,,0.4,2,30.0,0.5622377799002247,m(subtb)_a(0.4)_s(2)_v(False)
7-mols,db,db,False,,0.2,3,5.0,0.4956577897088767,m(db)_a(0.2)_s(3)_v(False)
7-mols,db,db,False,,0.1,0,6.0,0.5184446060305592,m(db)_a(0.1)_s(0)_v(False)
7-mols,fl_subtb,subtb,True,,0.1,1,8.0,-0.6032414138734091,m(fl_subtb)_a(0.1)_s(1)_v(False)
7-mols,db,db,False,,0.8,1,9.0,0.39009263900805585,m(db)_a(0.8)_s(1)_v(False)
7-mols,subtb,subtb,False,,0.4,3,23.0,0.6092386740632826,m(subtb)_a(0.4)_s(3)_v(False)
7-mols,fl_db,db,True,,0.4,4,9.0,-0.5087091051315096,m(fl_db)_a(0.4)_s(4)_v(False)
7-mols,db,db,False,,0.8,3,18.0,0.6085585038636633,m(db)_a(0.8)_s(3)_v(False)
7-mols,fl_db,db,True,,0.9,3,29.0,-0.5869874761530547,m(fl_db)_a(0.9)_s(3)_v(False)
7-mols,fl_db,db,True,,0.2,0,5.0,-0.554871507950649,m(fl_db)_a(0.2)_s(0)_v(False)
7-mols,subtb,subtb,False,,0.6,1,26.0,0.6177464838082041,m(subtb)_a(0.6)_s(1)_v(False)
7-mols,fl_db,db,True,,0.5,4,7.0,-0.49324178916726985,m(fl_db)_a(0.5)_s(4)_v(False)
7-mols,subtb,subtb,False,,0.6,0,30.0,0.6357645417373681,m(subtb)_a(0.6)_s(0)_v(False)
7-mols,fl_db,db,True,,0.7,0,7.0,-0.5802183355832159,m(fl_db)_a(0.7)_s(0)_v(False)
7-mols,subtb,subtb,False,,0.5,0,22.0,0.6034661241759351,m(subtb)_a(0.5)_s(0)_v(False)
7-mols,fl_db,db,True,,0.6,3,20.0,-0.5062929424612573,m(fl_db)_a(0.6)_s(3)_v(False)
7-mols,fl_subtb,subtb,True,,0.2,4,15.0,-0.5944255471832364,m(fl_subtb)_a(0.2)_s(4)_v(False)
7-mols,db,db,False,,0.2,1,6.0,0.5316938697541439,m(db)_a(0.2)_s(1)_v(False)
7-mols,fl_subtb,subtb,True,,0.3,4,6.0,-0.6156302716509329,m(fl_subtb)_a(0.3)_s(4)_v(False)
7-mols,subtb,subtb,False,,0.6,3,24.0,0.5359319638521749,m(subtb)_a(0.6)_s(3)_v(False)
7-mols,db,db,False,,0.2,4,14.0,-0.14821930165116412,m(db)_a(0.2)_s(4)_v(False)
7-mols,fl_db,db,True,,0.4,0,8.0,-0.611319757355652,m(fl_db)_a(0.4)_s(0)_v(False)
7-mols,subtb,subtb,False,,0.3,1,21.0,0.6356100331383008,m(subtb)_a(0.3)_s(1)_v(False)
7-mols,subtb,subtb,False,,0.2,1,22.0,0.5869730286429756,m(subtb)_a(0.2)_s(1)_v(False)
7-mols,db,db,False,,0.2,2,13.0,0.5165733172053388,m(db)_a(0.2)_s(2)_v(False)
7-mols,fl_subtb,subtb,True,,0.3,1,15.0,-0.6409374401288795,m(fl_subtb)_a(0.3)_s(1)_v(False)
7-mols,subtb,subtb,False,,0.8,4,24.0,0.5959584735255045,m(subtb)_a(0.8)_s(4)_v(False)
7-mols,fl_db,db,True,,0.3,4,4.0,-0.5522660195547294,m(fl_db)_a(0.3)_s(4)_v(False)
7-mols,db,db,False,,0.7,0,14.0,0.5481098922620317,m(db)_a(0.7)_s(0)_v(False)
7-mols,subtb,subtb,False,,0.3,2,19.0,0.5880704774214558,m(subtb)_a(0.3)_s(2)_v(False)
7-mols,fl_db,db,True,,0.5,1,9.0,-0.6130141638287396,m(fl_db)_a(0.5)_s(1)_v(False)
7-mols,fl_db,db,True,,0.5,2,10.0,-0.5450265591706759,m(fl_db)_a(0.5)_s(2)_v(False)
7-mols,db,db,False,,0.4,0,11.0,0.4805840815635097,m(db)_a(0.4)_s(0)_v(False)
7-mols,subtb,subtb,False,,0.7,1,26.0,0.6031879114204267,m(subtb)_a(0.7)_s(1)_v(False)
7-mols,db,db,False,,0.3,3,17.0,0.5072670518949889,m(db)_a(0.3)_s(3)_v(False)
7-mols,db,db,False,,0.7,2,9.0,0.5122158261350529,m(db)_a(0.7)_s(2)_v(False)
7-mols,db,db,False,,0.9,1,12.0,0.48897521173489256,m(db)_a(0.9)_s(1)_v(False)
7-mols,subtb,subtb,False,,0.3,4,22.0,0.6062832715184259,m(subtb)_a(0.3)_s(4)_v(False)
7-mols,db,db,False,,0.1,2,6.0,0.4886785568459698,m(db)_a(0.1)_s(2)_v(False)
7-mols,db,db,False,,0.9,4,11.0,0.5329267567470313,m(db)_a(0.9)_s(4)_v(False)
7-mols,fl_db,db,True,,0.9,4,20.0,-0.5947023007809362,m(fl_db)_a(0.9)_s(4)_v(False)
7-mols,db,db,False,,0.6,0,16.0,0.539448736831733,m(db)_a(0.6)_s(0)_v(False)
7-mols,fl_db,db,True,,0.2,3,4.0,-0.5795425076227332,m(fl_db)_a(0.2)_s(3)_v(False)
7-mols,db,db,False,,0.7,3,7.0,0.45320797074077895,m(db)_a(0.7)_s(3)_v(False)
7-mols,fl_db,db,True,,0.9,2,22.0,-0.538432109160745,m(fl_db)_a(0.9)_s(2)_v(False)
7-mols,db,db,False,,0.6,4,17.0,0.48608639424475214,m(db)_a(0.6)_s(4)_v(False)
7-mols,fl_db,db,True,,0.3,1,7.0,-0.5507973305130929,m(fl_db)_a(0.3)_s(1)_v(False)
7-mols,subtb,subtb,False,,0.2,3,20.0,0.651619020906826,m(subtb)_a(0.2)_s(3)_v(False)
7-mols,fl_db,db,True,,0.8,3,24.0,-0.5483502460196517,m(fl_db)_a(0.8)_s(3)_v(False)
7-mols,fl_db,db,True,,0.7,4,15.0,-0.5722066153781357,m(fl_db)_a(0.7)_s(4)_v(False)
7-mols,fl_db,db,True,,0.3,2,7.0,-0.5453474633373638,m(fl_db)_a(0.3)_s(2)_v(False)
7-mols,fl_db,db,True,,0.9,1,30.0,-0.5109558838994791,m(fl_db)_a(0.9)_s(1)_v(False)
7-mols,fl_subtb,subtb,True,,0.3,0,18.0,-0.5931433122589199,m(fl_subtb)_a(0.3)_s(0)_v(False)
7-mols,fl_subtb,subtb,True,,0.2,2,11.0,-0.6310705121313906,m(fl_subtb)_a(0.2)_s(2)_v(False)
7-mols,fl_subtb,subtb,True,,0.1,3,13.0,-0.5893577585737729,m(fl_subtb)_a(0.1)_s(3)_v(False)
7-mols,fl_db,db,True,,0.4,3,6.0,-0.5519973409366744,m(fl_db)_a(0.4)_s(3)_v(False)
7-mols,subtb,subtb,False,,0.6,4,25.0,0.5253371193078185,m(subtb)_a(0.6)_s(4)_v(False)
7-mols,fl_subtb,subtb,True,,0.3,2,8.0,-0.5959227526146365,m(fl_subtb)_a(0.3)_s(2)_v(False)
7-mols,db,db,False,,0.1,1,4.0,0.5108834529271461,m(db)_a(0.1)_s(1)_v(False)
7-mols,subtb,subtb,False,,0.9,4,21.0,0.5217603800219812,m(subtb)_a(0.9)_s(4)_v(False)
7-mols,db,db,False,,0.9,2,19.0,0.4630531922006037,m(db)_a(0.9)_s(2)_v(False)
7-mols,fl_db,db,True,,0.6,2,12.0,-0.5398210527126228,m(fl_db)_a(0.6)_s(2)_v(False)
7-mols,subtb,subtb,False,,0.9,2,18.0,0.6174669865425214,m(subtb)_a(0.9)_s(2)_v(False)
7-mols,subtb,subtb,False,,0.8,1,21.0,0.6101781284990596,m(subtb)_a(0.8)_s(1)_v(False)
7-mols,subtb,subtb,False,,0.4,0,20.0,0.6546657829433661,m(subtb)_a(0.4)_s(0)_v(False)
7-mols,fl_db,db,True,,0.5,3,8.0,-0.5823907378351074,m(fl_db)_a(0.5)_s(3)_v(False)
7-mols,fl_db,db,True,,0.6,4,7.0,-0.552216448721398,m(fl_db)_a(0.6)_s(4)_v(False)
7-mols,fl_db,db,True,,0.8,4,29.0,-0.5847871208106208,m(fl_db)_a(0.8)_s(4)_v(False)
7-mols,fl_db,db,True,,0.6,1,13.0,-0.5315624347299679,m(fl_db)_a(0.6)_s(1)_v(False)
7-mols,subtb,subtb,False,,0.5,4,25.0,0.5875866366629242,m(subtb)_a(0.5)_s(4)_v(False)
7-mols,subtb,subtb,False,,0.1,2,16.0,0.6177297160123939,m(subtb)_a(0.1)_s(2)_v(False)
7-mols,fl_db,db,True,,0.7,3,17.0,-0.551582728378686,m(fl_db)_a(0.7)_s(3)_v(False)
7-mols,subtb,subtb,False,,0.5,3,25.0,0.44259847484653303,m(subtb)_a(0.5)_s(3)_v(False)
7-mols,fl_subtb,subtb,True,,0.2,1,10.0,-0.5348848154636902,m(fl_subtb)_a(0.2)_s(1)_v(False)
7-mols,fl_db,db,True,,0.8,2,19.0,-0.5293761299467332,m(fl_db)_a(0.8)_s(2)_v(False)
7-mols,subtb,subtb,False,,0.2,4,15.0,0.6044749979540707,m(subtb)_a(0.2)_s(4)_v(False)
7-mols,db,db,False,,0.4,1,10.0,0.4669402264740968,m(db)_a(0.4)_s(1)_v(False)
7-mols,fl_db,db,True,,0.1,3,4.0,-0.5725849541682766,m(fl_db)_a(0.1)_s(3)_v(False)
7-mols,fl_db,db,True,,0.9,0,24.0,-0.5674672709118141,m(fl_db)_a(0.9)_s(0)_v(False)
7-mols,subtb,subtb,False,,0.1,4,29.0,0.5599833025436638,m(subtb)_a(0.1)_s(4)_v(False)
7-mols,subtb,subtb,False,,0.4,4,31.0,0.6023375061431363,m(subtb)_a(0.4)_s(4)_v(False)
7-mols,fl_subtb,subtb,True,,0.1,0,4.0,-0.6460237992253861,m(fl_subtb)_a(0.1)_s(0)_v(False)
7-mols,fl_db,db,True,,0.2,4,6.0,-0.5957922998559743,m(fl_db)_a(0.2)_s(4)_v(False)
7-mols,db,db,False,,0.6,2,13.0,0.541702851920907,m(db)_a(0.6)_s(2)_v(False)
7-mols,subtb,subtb,False,,0.4,1,16.0,0.6027231696583844,m(subtb)_a(0.4)_s(1)_v(False)
7-mols,fl_db,db,True,,0.7,2,23.0,-0.5307853388813679,m(fl_db)_a(0.7)_s(2)_v(False)
7-mols,fl_db,db,True,,0.1,1,6.0,-0.6007663457978382,m(fl_db)_a(0.1)_s(1)_v(False)
7-mols,db,db,False,,0.9,3,13.0,0.4601334984898967,m(db)_a(0.9)_s(3)_v(False)
7-mols,fl_db,db,True,,0.3,0,11.0,-0.5998587050802309,m(fl_db)_a(0.3)_s(0)_v(False)
7-mols,fl_subtb,subtb,True,,0.3,3,13.0,-0.5700974143618863,m(fl_subtb)_a(0.3)_s(3)_v(False)
7-mols,db,db,False,,0.5,3,13.0,0.5301053035294249,m(db)_a(0.5)_s(3)_v(False)
7-mols,fl_db,db,True,,0.2,1,5.0,-0.5976335345288534,m(fl_db)_a(0.2)_s(1)_v(False)
7-mols,subtb,subtb,False,,0.5,2,19.0,0.6015021382977067,m(subtb)_a(0.5)_s(2)_v(False)
7-mols,db,db,False,,0.3,2,13.0,0.5297220314116966,m(db)_a(0.3)_s(2)_v(False)
7-mols,subtb,subtb,False,,0.6,2,27.0,0.6157332233407626,m(subtb)_a(0.6)_s(2)_v(False)
7-mols,db,db,False,,0.4,4,10.0,0.4535225408450186,m(db)_a(0.4)_s(4)_v(False)
7-mols,db,db,False,,0.6,1,11.0,0.5046409326289422,m(db)_a(0.6)_s(1)_v(False)
7-mols,db,db,False,,0.6,3,15.0,0.42934178296233816,m(db)_a(0.6)_s(3)_v(False)
7-mols,fl_db,db,True,,0.3,3,3.0,-0.5298679471925577,m(fl_db)_a(0.3)_s(3)_v(False)
7-mols,fl_db,db,True,,0.7,1,11.0,-0.5397656902772744,m(fl_db)_a(0.7)_s(1)_v(False)
7-mols,fl_db,db,True,,0.8,0,25.0,-0.556272299446915,m(fl_db)_a(0.8)_s(0)_v(False)
7-mols,fl_subtb,subtb,True,,0.1,2,8.0,-0.6067676713787233,m(fl_subtb)_a(0.1)_s(2)_v(False)
7-mols,subtb,subtb,False,,0.2,0,22.0,0.35975868135015926,m(subtb)_a(0.2)_s(0)_v(False)
7-mols,subtb,subtb,False,,0.8,2,29.0,0.6186223558018115,m(subtb)_a(0.8)_s(2)_v(False)
7-mols,fl_db,db,True,,0.8,1,23.0,-0.5589376872123876,m(fl_db)_a(0.8)_s(1)_v(False)
7-mols,subtb,subtb,False,,0.9,0,28.0,0.6022054118292957,m(subtb)_a(0.9)_s(0)_v(False)
7-mols,db,db,False,,0.5,1,8.0,0.5518077629385029,m(db)_a(0.5)_s(1)_v(False)
7-mols,db,db,False,,0.3,4,12.0,0.5733086442907556,m(db)_a(0.3)_s(4)_v(False)
7-mols,db,db,False,,0.5,0,6.0,0.5201728163262129,m(db)_a(0.5)_s(0)_v(False)
7-mols,db,db,False,,0.4,3,9.0,0.5169535494109659,m(db)_a(0.4)_s(3)_v(False)
7-mols,subtb,subtb,False,,0.3,0,29.0,0.5939691550464321,m(subtb)_a(0.3)_s(0)_v(False)
7-mols,db,db,False,,0.8,2,14.0,0.5005881623476878,m(db)_a(0.8)_s(2)_v(False)
7-mols,fl_subtb,subtb,True,,0.9,3,50.0,-0.5997057529066617,m(fl_subtb)_a(0.9)_s(3)_v(False)
7-mols,fl_subtb,subtb,True,,0.6,1,12.0,-0.6396875685701403,m(fl_subtb)_a(0.6)_s(1)_v(False)
7-mols,fl_subtb,subtb,True,,0.4,4,14.0,-0.5810903850346674,m(fl_subtb)_a(0.4)_s(4)_v(False)
7-mols,fl_subtb,subtb,True,,0.8,2,39.0,-0.6239060878232742,m(fl_subtb)_a(0.8)_s(2)_v(False)
7-mols,fl_subtb,subtb,True,,0.8,4,34.0,-0.6167488377077169,m(fl_subtb)_a(0.8)_s(4)_v(False)
7-mols,fl_subtb,subtb,True,,0.6,3,18.0,-0.6127231912912975,m(fl_subtb)_a(0.6)_s(3)_v(False)
7-mols,fl_subtb,subtb,True,,0.4,1,12.0,-0.6172518901193504,m(fl_subtb)_a(0.4)_s(1)_v(False)
7-mols,fl_subtb,subtb,True,,0.8,0,26.0,-0.6120625778729174,m(fl_subtb)_a(0.8)_s(0)_v(False)
7-mols,fl_subtb,subtb,True,,0.7,2,24.0,-0.6694437684395215,m(fl_subtb)_a(0.7)_s(2)_v(False)
7-mols,fl_subtb,subtb,True,,0.9,2,32.0,-0.6712811723778529,m(fl_subtb)_a(0.9)_s(2)_v(False)
7-mols,fl_subtb,subtb,True,,0.5,2,11.0,0.02830652658652666,m(fl_subtb)_a(0.5)_s(2)_v(False)
7-mols,fl_subtb,subtb,True,,0.9,1,35.0,-0.5835776816480894,m(fl_subtb)_a(0.9)_s(1)_v(False)
7-mols,fl_subtb,subtb,True,,0.6,4,15.0,-0.5415168498324704,m(fl_subtb)_a(0.6)_s(4)_v(False)
7-mols,fl_subtb,subtb,True,,0.8,1,40.0,-0.6022195170214456,m(fl_subtb)_a(0.8)_s(1)_v(False)
7-mols,fl_subtb,subtb,True,,0.7,3,14.0,-0.5920873361263499,m(fl_subtb)_a(0.7)_s(3)_v(False)
7-mols,fl_subtb,subtb,True,,0.7,0,32.0,-0.6587716908881507,m(fl_subtb)_a(0.7)_s(0)_v(False)
7-mols,fl_subtb,subtb,True,,0.5,0,15.0,-0.5830954857700998,m(fl_subtb)_a(0.5)_s(0)_v(False)
7-mols,fl_subtb,subtb,True,,0.8,3,32.0,-0.6277118956454214,m(fl_subtb)_a(0.8)_s(3)_v(False)
7-mols,fl_subtb,subtb,True,,0.9,0,42.0,-0.5678549320030201,m(fl_subtb)_a(0.9)_s(0)_v(False)
7-mols,fl_subtb,subtb,True,,0.6,2,20.0,-0.563292496344686,m(fl_subtb)_a(0.6)_s(2)_v(False)
7-mols,fl_subtb,subtb,True,,0.4,0,9.0,-0.5941427137613341,m(fl_subtb)_a(0.4)_s(0)_v(False)
7-mols,fl_subtb,subtb,True,,0.6,0,26.0,-0.618535049526263,m(fl_subtb)_a(0.6)_s(0)_v(False)
7-mols,fl_subtb,subtb,True,,0.9,4,37.0,-0.6347963499991937,m(fl_subtb)_a(0.9)_s(4)_v(False)
7-mols,fl_subtb,subtb,True,,0.7,4,26.0,-0.5350763487709699,m(fl_subtb)_a(0.7)_s(4)_v(False)
7-mols,fl_subtb,subtb,True,,0.5,4,19.0,-0.5774555013369345,m(fl_subtb)_a(0.5)_s(4)_v(False)
7-mols,fl_subtb,subtb,True,,0.5,3,18.0,-0.6679420518614931,m(fl_subtb)_a(0.5)_s(3)_v(False)
7-mols,fl_subtb,subtb,True,,0.7,1,21.0,-0.6719396173389884,m(fl_subtb)_a(0.7)_s(1)_v(False)
7-mols,fl_subtb,subtb,True,,0.4,3,16.0,-0.6906151349384266,m(fl_subtb)_a(0.4)_s(3)_v(False)
7-mols,fl_subtb,subtb,True,,0.5,1,17.0,-0.5200005141083129,m(fl_subtb)_a(0.5)_s(1)_v(False)
7-mols,fl_db,db,True,,0.4,2,11.0,-0.5468279410628446,m(fl_db)_a(0.4)_s(2)_v(False)
7-mols,fl_subtb,subtb,True,,0.4,2,12.0,-0.6106644333709405,m(fl_subtb)_a(0.4)_s(2)_v(False)
7-mols,subtb,subtb,False,,0.5,1,20.0,0.5958986885875127,m(subtb)_a(0.5)_s(1)_v(False)
7-mols,subtb,subtb,False,,0.9,1,21.0,0.6845857391371581,m(subtb)_a(0.9)_s(1)_v(False)
7-mols,tb,tb,False,,0.1,1,25.0,0.08429830279040271,m(tb)_a(0.1)_s(1)_v(False)
7-mols,tb,tb,False,,0.4,3,32.0,0.5481177149691724,m(tb)_a(0.4)_s(3)_v(False)
7-mols,tb,tb,False,,0.4,2,44.0,-0.07571756316822302,m(tb)_a(0.4)_s(2)_v(False)
7-mols,tb,tb,False,,0.6,4,37.0,0.4800492191623311,m(tb)_a(0.6)_s(4)_v(False)
7-mols,tb,tb,False,,0.6,1,49.0,0.6107989596144621,m(tb)_a(0.6)_s(1)_v(False)
7-mols,tb,tb,False,,0.1,4,15.0,-0.5351059589360173,m(tb)_a(0.1)_s(4)_v(False)
7-mols,tb,tb,False,,0.5,2,35.0,0.29390923435668376,m(tb)_a(0.5)_s(2)_v(False)
7-mols,tb,tb,False,,0.8,2,31.0,-0.6256973661619891,m(tb)_a(0.8)_s(2)_v(False)
7-mols,tb,tb,False,,0.7,4,39.0,0.24766804297211972,m(tb)_a(0.7)_s(4)_v(False)
7-mols,tb,tb,False,,0.2,4,25.0,0.13808739921785845,m(tb)_a(0.2)_s(4)_v(False)
7-mols,tb,tb,False,,0.8,3,29.0,0.0967803825777218,m(tb)_a(0.8)_s(3)_v(False)
7-mols,tb,tb,False,,0.8,0,39.0,0.31667012989991994,m(tb)_a(0.8)_s(0)_v(False)
7-mols,tb,tb,False,,0.4,1,26.0,0.4252412657950131,m(tb)_a(0.4)_s(1)_v(False)
7-mols,tb,tb,False,,0.2,0,40.0,-0.6588560383159207,m(tb)_a(0.2)_s(0)_v(False)
7-mols,tb,tb,False,,0.3,3,30.0,0.11276894409823668,m(tb)_a(0.3)_s(3)_v(False)
7-mols,tb,tb,False,,0.2,2,27.0,-0.2926802992494479,m(tb)_a(0.2)_s(2)_v(False)
7-mols,tb,tb,False,,0.5,3,34.0,0.5483365481083026,m(tb)_a(0.5)_s(3)_v(False)
7-mols,tb,tb,False,,0.2,3,34.0,-0.3338228808810112,m(tb)_a(0.2)_s(3)_v(False)
7-mols,tb,tb,False,,0.8,1,44.0,0.03206710051660682,m(tb)_a(0.8)_s(1)_v(False)
7-mols,tb,tb,False,,0.5,1,36.0,0.329808899878169,m(tb)_a(0.5)_s(1)_v(False)
7-mols,tb,tb,False,,0.4,0,34.0,0.5092533809398885,m(tb)_a(0.4)_s(0)_v(False)
7-mols,tb,tb,False,,0.7,0,38.0,0.2222320851167435,m(tb)_a(0.7)_s(0)_v(False)
7-mols,tb,tb,False,,0.7,3,38.0,0.19003979716854016,m(tb)_a(0.7)_s(3)_v(False)
7-mols,tb,tb,False,,0.6,2,38.0,0.48026139609475826,m(tb)_a(0.6)_s(2)_v(False)
7-mols,tb,tb,False,,0.5,4,49.0,-0.5717994350620889,m(tb)_a(0.5)_s(4)_v(False)
7-mols,tb,tb,False,,0.4,4,36.0,-0.7220392737795338,m(tb)_a(0.4)_s(4)_v(False)
7-mols,tb,tb,False,,0.7,2,29.0,0.41748244914625265,m(tb)_a(0.7)_s(2)_v(False)
7-mols,tb,tb,False,,0.9,1,32.0,0.2621690722097686,m(tb)_a(0.9)_s(1)_v(False)
7-mols,tb,tb,False,,0.6,0,37.0,0.5947400767553147,m(tb)_a(0.6)_s(0)_v(False)
7-mols,tb,tb,False,,0.9,4,108.0,0.4352199596621644,m(tb)_a(0.9)_s(4)_v(False)
7-mols,tb,tb,False,,0.1,2,22.0,-0.26928740599316503,m(tb)_a(0.1)_s(2)_v(False)
7-mols,tb,tb,False,,0.1,3,18.0,0.1272912932527558,m(tb)_a(0.1)_s(3)_v(False)
7-mols,tb,tb,False,,0.3,2,32.0,0.41190023840173295,m(tb)_a(0.3)_s(2)_v(False)
7-mols,tb,tb,False,,0.3,0,41.0,0.20366380699076875,m(tb)_a(0.3)_s(0)_v(False)
7-mols,tb,tb,False,,0.3,4,34.0,0.38467043676279217,m(tb)_a(0.3)_s(4)_v(False)
7-mols,tb,tb,False,,0.5,0,38.0,0.4903690722315679,m(tb)_a(0.5)_s(0)_v(False)
7-mols,tb,tb,False,,0.6,3,40.0,0.2016389504316616,m(tb)_a(0.6)_s(3)_v(False)
7-mols,tb,tb,False,,0.9,2,38.0,0.34827958114213686,m(tb)_a(0.9)_s(2)_v(False)
7-mols,tb,tb,False,,0.1,0,19.0,0.2423891342778576,m(tb)_a(0.1)_s(0)_v(False)
7-mols,tb,tb,False,,0.9,0,80.0,-0.612910887881619,m(tb)_a(0.9)_s(0)_v(False)
7-mols,tb,tb,False,,0.7,1,40.0,0.44000482184172784,m(tb)_a(0.7)_s(1)_v(False)
7-mols,tb,tb,False,,0.3,1,48.0,-0.5894244864550305,m(tb)_a(0.3)_s(1)_v(False)
7-mols,tb,tb,False,,0.2,1,22.0,-0.4143694724031826,m(tb)_a(0.2)_s(1)_v(False)
7-mols,tb,tb,False,,0.8,4,53.0,0.07260964987260289,m(tb)_a(0.8)_s(4)_v(False)
7-mols,tb,tb,False,,0.9,3,45.0,-0.01663950876829855,m(tb)_a(0.9)_s(3)_v(False)
