name,id,state,created_at,project,entity,config,summary
clear-mountain-3,06tl7mhq,finished,2026-03-27T05:48:52Z,PBP-Alpha-Diversity-0327,1969773923-shanghai-jiao-tong-university,"{""opt"": ""adam"", ""seed"": 0, ""alpha"": 0.3, ""method"": ""PBP_TB"", ""epsilon"": null, ""variant"": ""TBVariant.TB"", ""adam_eps"": 1e-08, ""lr_decay"": 20000, ""momentum"": 0.9, ""cum_subtb"": true, ""Z_lr_decay"": 50000, ""model_seed"": 0, ""alpha_final"": 0.5, ""alpha_sched"": ""hold_exp"", ""dist_params"": [64, 64], ""sample_dist"": ""constant"", ""do_predict_n"": false, ""weight_decay"": 1e-08, ""do_sample_p_b"": true, ""learning_rate"": 0.0001, ""sampling_seed"": 2, ""subtb_max_len"": 128, ""clip_grad_type"": ""norm"", ""Z_learning_rate"": 0.001, ""alpha_warm_frac"": 0.8, ""backward_policy"": ""Backward.Free"", ""clip_grad_param"": 10, ""do_length_normalize"": false, ""do_parameterize_p_b"": true, ""num_thermometer_dim"": 32, ""use_alpha_scheduler"": true, ""bootstrap_own_reward"": false, ""do_correct_idempotent"": false, ""reward_loss_multiplier"": 1}","{""Var-true"": 212.6295928955078, ""_runtime"": 13931.603262424467, ""_step"": 4999, ""_timestamp"": 1774557741.4971974, ""_wandb"": {""runtime"": 13941}, ""all_num_modes"": 8701, ""alpha"": 0.4963221848011017, ""entropy"": 70.73993682861328, ""grad_norm"": 134.42723083496094, ""grad_norm_clip"": 52.46427536010742, ""invalid_logprob"": 0, ""invalid_losses"": 0, ""invalid_trajectories"": 0, ""iteration"": 5000, ""length"": 27, ""logZ"": 33.82648468017578, ""loss"": 10.462990760803224, ""offline_loss"": 0, ""online_loss"": 10.462990760803224, ""onpolicy_mode_tanimoto_diversity"": 0.273091190681451, ""onpolicy_num_modes"": 3, ""onpolicy_tanimoto_diversity"": 0.24534174295764796, ""paper_num_modes"": 0, ""paper_num_modes_frac"": 0, ""paper_onpolicy_num_modes"": 0, ""random_action_prob"": 0.0005, ""reward_loss"": 0, ""sampled_reward_avg"": 0.9255796670913696, ""time_spent"": 2.4400835037231445, ""top1000_tanimoto_diversity"": 0.247069844530783, ""top100_tanimoto_diversity"": 0.24373399684446215, ""train_time"": 0.2680647373199463, ""unique_valid_smiles_seen"": 319751}"
efficient-thunder-3,20t8q7oc,finished,2026-03-27T05:48:52Z,PBP-Alpha-Diversity-0327,1969773923-shanghai-jiao-tong-university,"{""opt"": ""adam"", ""seed"": 0, ""alpha"": 0.1, ""method"": ""PBP_TB"", ""epsilon"": null, ""variant"": ""TBVariant.TB"", ""adam_eps"": 1e-08, ""lr_decay"": 20000, ""momentum"": 0.9, ""cum_subtb"": true, ""Z_lr_decay"": 50000, ""model_seed"": 0, ""alpha_final"": 0.5, ""alpha_sched"": ""hold_exp"", ""dist_params"": [64, 64], ""sample_dist"": ""constant"", ""do_predict_n"": false, ""weight_decay"": 1e-08, ""do_sample_p_b"": true, ""learning_rate"": 0.0001, ""sampling_seed"": 1, ""subtb_max_len"": 128, ""clip_grad_type"": ""norm"", ""Z_learning_rate"": 0.001, ""alpha_warm_frac"": 0.8, ""backward_policy"": ""Backward.Free"", ""clip_grad_param"": 10, ""do_length_normalize"": false, ""do_parameterize_p_b"": true, ""num_thermometer_dim"": 32, ""use_alpha_scheduler"": true, ""bootstrap_own_reward"": false, ""do_correct_idempotent"": false, ""reward_loss_multiplier"": 1}","{""Var-true"": 844.8487548828125, ""_runtime"": 12637.82344698906, ""_step"": 4999, ""_timestamp"": 1774556419.487083, ""_wandb"": {""runtime"": 12645}, ""all_num_modes"": 9266, ""alpha"": 0.49264436960220337, ""entropy"": 72.88690185546875, ""grad_norm"": 167.9908905029297, ""grad_norm_clip"": 55.796478271484375, ""invalid_logprob"": 0, ""invalid_losses"": 0, ""invalid_trajectories"": 0, ""iteration"": 5000, ""length"": 27, ""logZ"": 34.04901885986328, ""loss"": 13.538930892944336, ""offline_loss"": 0, ""online_loss"": 13.538930892944336, ""onpolicy_mode_tanimoto_diversity"": ""NaN"", ""onpolicy_num_modes"": 1, ""onpolicy_tanimoto_diversity"": 0.2344290241996707, ""paper_num_modes"": 0, ""paper_num_modes_frac"": 0, ""paper_onpolicy_num_modes"": 0, ""random_action_prob"": 0.0005, ""reward_loss"": 0, ""sampled_reward_avg"": 0.9068505764007568, ""time_spent"": 2.0122768878936768, ""top1000_tanimoto_diversity"": 0.2473874807462286, ""top100_tanimoto_diversity"": 0.23612888954944833, ""train_time"": 0.2066023349761963, ""unique_valid_smiles_seen"": 319625}"
lively-lion-4,2jk0tm1k,finished,2026-03-27T05:48:52Z,PBP-Alpha-Diversity-0327,1969773923-shanghai-jiao-tong-university,"{""opt"": ""adam"", ""seed"": 0, ""alpha"": 0.6, ""method"": ""PBP_TB"", ""epsilon"": null, ""variant"": ""TBVariant.TB"", ""adam_eps"": 1e-08, ""lr_decay"": 20000, ""momentum"": 0.9, ""cum_subtb"": true, ""Z_lr_decay"": 50000, ""model_seed"": 0, ""alpha_final"": 0.5, ""alpha_sched"": ""hold_exp"", ""dist_params"": [64, 64], ""sample_dist"": ""constant"", ""do_predict_n"": false, ""weight_decay"": 1e-08, ""do_sample_p_b"": true, ""learning_rate"": 0.0001, ""sampling_seed"": 1, ""subtb_max_len"": 128, ""clip_grad_type"": ""norm"", ""Z_learning_rate"": 0.001, ""alpha_warm_frac"": 0.8, ""backward_policy"": ""Backward.Free"", ""clip_grad_param"": 10, ""do_length_normalize"": false, ""do_parameterize_p_b"": true, ""num_thermometer_dim"": 32, ""use_alpha_scheduler"": true, ""bootstrap_own_reward"": false, ""do_correct_idempotent"": false, ""reward_loss_multiplier"": 1}","{""Var-true"": 1487569.75, ""_runtime"": 12305.474644184113, ""_step"": 4999, ""_timestamp"": 1774556087.2761042, ""_wandb"": {""runtime"": 12312}, ""all_num_modes"": 8206, ""alpha"": 0.5018389225006104, ""entropy"": 64.2110595703125, ""grad_norm"": 1116.6256103515625, ""grad_norm_clip"": 77.76665496826172, ""invalid_logprob"": 0, ""invalid_losses"": 0, ""invalid_trajectories"": 0, ""iteration"": 5000, ""length"": 27, ""logZ"": 29.285926818847656, ""loss"": 164.52708435058594, ""offline_loss"": 0, ""online_loss"": 164.52708435058594, ""onpolicy_mode_tanimoto_diversity"": ""NaN"", ""onpolicy_num_modes"": 1, ""onpolicy_tanimoto_diversity"": 0.2511572367725148, ""paper_num_modes"": 0, ""paper_num_modes_frac"": 0, ""paper_onpolicy_num_modes"": 0, ""random_action_prob"": 0.0005, ""reward_loss"": 0, ""sampled_reward_avg"": 0.90128755569458, ""time_spent"": 1.6813111305236816, ""top1000_tanimoto_diversity"": 0.2648194187460173, ""top100_tanimoto_diversity"": 0.2615456355264264, ""train_time"": 0.2026219367980957, ""unique_valid_smiles_seen"": 313026}"
azure-yogurt-4,2moq9rl5,finished,2026-03-27T05:48:52Z,PBP-Alpha-Diversity-0327,1969773923-shanghai-jiao-tong-university,"{""opt"": ""adam"", ""seed"": 0, ""alpha"": 0.5, ""method"": ""PBP_TB"", ""epsilon"": null, ""variant"": ""TBVariant.TB"", ""adam_eps"": 1e-08, ""lr_decay"": 20000, ""momentum"": 0.9, ""cum_subtb"": true, ""Z_lr_decay"": 50000, ""model_seed"": 0, ""alpha_final"": 0.5, ""alpha_sched"": ""hold_exp"", ""dist_params"": [64, 64], ""sample_dist"": ""constant"", ""do_predict_n"": false, ""weight_decay"": 1e-08, ""do_sample_p_b"": true, ""learning_rate"": 0.0001, ""sampling_seed"": 0, ""subtb_max_len"": 128, ""clip_grad_type"": ""norm"", ""Z_learning_rate"": 0.001, ""alpha_warm_frac"": 0.8, ""backward_policy"": ""Backward.Free"", ""clip_grad_param"": 10, ""do_length_normalize"": false, ""do_parameterize_p_b"": true, ""num_thermometer_dim"": 32, ""use_alpha_scheduler"": true, ""bootstrap_own_reward"": false, ""do_correct_idempotent"": false, ""reward_loss_multiplier"": 1}","{""Var-true"": 1253.9073486328125, ""_runtime"": 14448.011251211166, ""_step"": 4999, ""_timestamp"": 1774558218.6383412, ""_wandb"": {""runtime"": 14455}, ""all_num_modes"": 7896, ""alpha"": 0.5, ""entropy"": 72.27884674072266, ""grad_norm"": 132.68753051757812, ""grad_norm_clip"": 53.565643310546875, ""invalid_logprob"": 0, ""invalid_losses"": 0, ""invalid_trajectories"": 0, ""iteration"": 5000, ""length"": 27, ""logZ"": 32.617820739746094, ""loss"": 16.721664428710938, ""offline_loss"": 0, ""online_loss"": 16.721664428710938, ""onpolicy_mode_tanimoto_diversity"": 0.2211155378486056, ""onpolicy_num_modes"": 2, ""onpolicy_tanimoto_diversity"": 0.23902831215810735, ""paper_num_modes"": 0, ""paper_num_modes_frac"": 0, ""paper_onpolicy_num_modes"": 0, ""random_action_prob"": 0.0005, ""reward_loss"": 0, ""sampled_reward_avg"": 0.8970452547073364, ""time_spent"": 2.000755071640014, ""top1000_tanimoto_diversity"": 0.25611020453972344, ""top100_tanimoto_diversity"": 0.25186565645207554, ""train_time"": 0.20551300048828125, ""unique_valid_smiles_seen"": 316609}"
trim-serenity-1,4j8apgsf,finished,2026-03-27T05:48:52Z,PBP-Alpha-Diversity-0327,1969773923-shanghai-jiao-tong-university,"{""opt"": ""adam"", ""seed"": 0, ""alpha"": 0.5, ""method"": ""PBP_TB"", ""epsilon"": null, ""variant"": ""TBVariant.TB"", ""adam_eps"": 1e-08, ""lr_decay"": 20000, ""momentum"": 0.9, ""cum_subtb"": true, ""Z_lr_decay"": 50000, ""model_seed"": 0, ""alpha_final"": 0.5, ""alpha_sched"": ""hold_exp"", ""dist_params"": [64, 64], ""sample_dist"": ""constant"", ""do_predict_n"": false, ""weight_decay"": 1e-08, ""do_sample_p_b"": true, ""learning_rate"": 0.0001, ""sampling_seed"": 2, ""subtb_max_len"": 128, ""clip_grad_type"": ""norm"", ""Z_learning_rate"": 0.001, ""alpha_warm_frac"": 0.8, ""backward_policy"": ""Backward.Free"", ""clip_grad_param"": 10, ""do_length_normalize"": false, ""do_parameterize_p_b"": true, ""num_thermometer_dim"": 32, ""use_alpha_scheduler"": true, ""bootstrap_own_reward"": false, ""do_correct_idempotent"": false, ""reward_loss_multiplier"": 1}","{""Var-true"": 462.6856384277344, ""_runtime"": 12525.264657258987, ""_step"": 4999, ""_timestamp"": 1774556306.8910382, ""_wandb"": {""runtime"": 12533}, ""all_num_modes"": 8421, ""alpha"": 0.5, ""entropy"": 71.58073425292969, ""grad_norm"": 173.6366729736328, ""grad_norm_clip"": 59.021053314208984, ""invalid_logprob"": 0, ""invalid_losses"": 0, ""invalid_trajectories"": 0, ""iteration"": 5000, ""length"": 27, ""logZ"": 33.17446517944336, ""loss"": 14.781314849853516, ""offline_loss"": 0, ""online_loss"": 14.781314849853516, ""onpolicy_mode_tanimoto_diversity"": ""NaN"", ""onpolicy_num_modes"": 1, ""onpolicy_tanimoto_diversity"": 0.23217460250166672, ""paper_num_modes"": 0, ""paper_num_modes_frac"": 0, ""paper_onpolicy_num_modes"": 0, ""random_action_prob"": 0.0005, ""reward_loss"": 0, ""sampled_reward_avg"": 0.9158679246902466, ""time_spent"": 1.674793004989624, ""top1000_tanimoto_diversity"": 0.25099098470156755, ""top100_tanimoto_diversity"": 0.2473419647603568, ""train_time"": 0.19868230819702148, ""unique_valid_smiles_seen"": 318923}"
worthy-darkness-17,8a8mpagw,finished,2026-03-27T05:48:52Z,PBP-Alpha-Diversity-0327,1969773923-shanghai-jiao-tong-university,"{""opt"": ""adam"", ""seed"": 0, ""alpha"": 0.3, ""method"": ""PBP_TB"", ""epsilon"": null, ""variant"": ""TBVariant.TB"", ""adam_eps"": 1e-08, ""lr_decay"": 20000, ""momentum"": 0.9, ""cum_subtb"": true, ""Z_lr_decay"": 50000, ""model_seed"": 0, ""alpha_final"": 0.5, ""alpha_sched"": ""hold_exp"", ""dist_params"": [64, 64], ""sample_dist"": ""constant"", ""do_predict_n"": false, ""weight_decay"": 1e-08, ""do_sample_p_b"": true, ""learning_rate"": 0.0001, ""sampling_seed"": 1, ""subtb_max_len"": 128, ""clip_grad_type"": ""norm"", ""Z_learning_rate"": 0.001, ""alpha_warm_frac"": 0.8, ""backward_policy"": ""Backward.Free"", ""clip_grad_param"": 10, ""do_length_normalize"": false, ""do_parameterize_p_b"": true, ""num_thermometer_dim"": 32, ""use_alpha_scheduler"": true, ""bootstrap_own_reward"": false, ""do_correct_idempotent"": false, ""reward_loss_multiplier"": 1}","{""Var-true"": 5593.38037109375, ""_runtime"": 12282.45429301262, ""_step"": 4999, ""_timestamp"": 1774556064.1065211, ""_wandb"": {""runtime"": 12294}, ""all_num_modes"": 8797, ""alpha"": 0.4963221848011017, ""entropy"": 73.20310974121094, ""grad_norm"": 176.8573455810547, ""grad_norm_clip"": 58.36000061035156, ""invalid_logprob"": 0, ""invalid_losses"": 0, ""invalid_trajectories"": 0, ""iteration"": 5000, ""length"": 27, ""logZ"": 33.781455993652344, ""loss"": 22.27526092529297, ""offline_loss"": 0, ""online_loss"": 22.27526092529297, ""onpolicy_mode_tanimoto_diversity"": ""NaN"", ""onpolicy_num_modes"": 1, ""onpolicy_tanimoto_diversity"": 0.2404597933902014, ""paper_num_modes"": 0, ""paper_num_modes_frac"": 0, ""paper_onpolicy_num_modes"": 0, ""random_action_prob"": 0.0005, ""reward_loss"": 0, ""sampled_reward_avg"": 0.9021193385124208, ""time_spent"": 2.0404069423675537, ""top1000_tanimoto_diversity"": 0.24755301305044383, ""top100_tanimoto_diversity"": 0.23815800124228387, ""train_time"": 0.2604506015777588, ""unique_valid_smiles_seen"": 319715}"
eager-grass-14,9oa6yhuh,finished,2026-03-27T05:48:52Z,PBP-Alpha-Diversity-0327,1969773923-shanghai-jiao-tong-university,"{""opt"": ""adam"", ""seed"": 0, ""alpha"": 0.4, ""method"": ""PBP_TB"", ""epsilon"": null, ""variant"": ""TBVariant.TB"", ""adam_eps"": 1e-08, ""lr_decay"": 20000, ""momentum"": 0.9, ""cum_subtb"": true, ""Z_lr_decay"": 50000, ""model_seed"": 0, ""alpha_final"": 0.5, ""alpha_sched"": ""hold_exp"", ""dist_params"": [64, 64], ""sample_dist"": ""constant"", ""do_predict_n"": false, ""weight_decay"": 1e-08, ""do_sample_p_b"": true, ""learning_rate"": 0.0001, ""sampling_seed"": 0, ""subtb_max_len"": 128, ""clip_grad_type"": ""norm"", ""Z_learning_rate"": 0.001, ""alpha_warm_frac"": 0.8, ""backward_policy"": ""Backward.Free"", ""clip_grad_param"": 10, ""do_length_normalize"": false, ""do_parameterize_p_b"": true, ""num_thermometer_dim"": 32, ""use_alpha_scheduler"": true, ""bootstrap_own_reward"": false, ""do_correct_idempotent"": false, ""reward_loss_multiplier"": 1}","{""Var-true"": 898.3335571289062, ""_runtime"": 14424.048060178757, ""_step"": 4999, ""_timestamp"": 1774558194.6798751, ""_wandb"": {""runtime"": 14434}, ""all_num_modes"": 8942, ""alpha"": 0.498161107301712, ""entropy"": 71.02084350585938, ""grad_norm"": 172.70274353027344, ""grad_norm_clip"": 60.33451843261719, ""invalid_logprob"": 0, ""invalid_losses"": 0, ""invalid_trajectories"": 0, ""iteration"": 5000, ""length"": 27, ""logZ"": 34.29438781738281, ""loss"": 11.93056297302246, ""offline_loss"": 0, ""online_loss"": 11.93056297302246, ""onpolicy_mode_tanimoto_diversity"": 0.28517159939532305, ""onpolicy_num_modes"": 4, ""onpolicy_tanimoto_diversity"": 0.2530153789350854, ""paper_num_modes"": 0, ""paper_num_modes_frac"": 0, ""paper_onpolicy_num_modes"": 0, ""random_action_prob"": 0.0005, ""reward_loss"": 0, ""sampled_reward_avg"": 0.9174962043762208, ""time_spent"": 6.53179669380188, ""top1000_tanimoto_diversity"": 0.2441679354614963, ""top100_tanimoto_diversity"": 0.231529403684974, ""train_time"": 0.2069835662841797, ""unique_valid_smiles_seen"": 319693}"
still-valley-1,as1hopo5,finished,2026-03-27T05:48:52Z,PBP-Alpha-Diversity-0327,1969773923-shanghai-jiao-tong-university,"{""opt"": ""adam"", ""seed"": 0, ""alpha"": 0.1, ""method"": ""PBP_TB"", ""epsilon"": null, ""variant"": ""TBVariant.TB"", ""adam_eps"": 1e-08, ""lr_decay"": 20000, ""momentum"": 0.9, ""cum_subtb"": true, ""Z_lr_decay"": 50000, ""model_seed"": 0, ""alpha_final"": 0.5, ""alpha_sched"": ""hold_exp"", ""dist_params"": [64, 64], ""sample_dist"": ""constant"", ""do_predict_n"": false, ""weight_decay"": 1e-08, ""do_sample_p_b"": true, ""learning_rate"": 0.0001, ""sampling_seed"": 0, ""subtb_max_len"": 128, ""clip_grad_type"": ""norm"", ""Z_learning_rate"": 0.001, ""alpha_warm_frac"": 0.8, ""backward_policy"": ""Backward.Free"", ""clip_grad_param"": 10, ""do_length_normalize"": false, ""do_parameterize_p_b"": true, ""num_thermometer_dim"": 32, ""use_alpha_scheduler"": true, ""bootstrap_own_reward"": false, ""do_correct_idempotent"": false, ""reward_loss_multiplier"": 1}","{""Var-true"": 1265.4683837890625, ""_runtime"": 14878.986456632614, ""_step"": 4999, ""_timestamp"": 1774558649.6042795, ""_wandb"": {""runtime"": 14890}, ""all_num_modes"": 9034, ""alpha"": 0.49264436960220337, ""entropy"": 73.30304718017578, ""grad_norm"": 140.68284606933594, ""grad_norm_clip"": 52.871437072753906, ""invalid_logprob"": 0, ""invalid_losses"": 0, ""invalid_trajectories"": 0, ""iteration"": 5000, ""length"": 27, ""logZ"": 33.862430572509766, ""loss"": 13.28940773010254, ""offline_loss"": 0, ""online_loss"": 13.28940773010254, ""onpolicy_mode_tanimoto_diversity"": 0.2817953303563529, ""onpolicy_num_modes"": 7, ""onpolicy_tanimoto_diversity"": 0.24664841970294385, ""paper_num_modes"": 0, ""paper_num_modes_frac"": 0, ""paper_onpolicy_num_modes"": 0, ""random_action_prob"": 0.0005, ""reward_loss"": 0, ""sampled_reward_avg"": 0.9251667857170104, ""time_spent"": 2.2478413581848145, ""top1000_tanimoto_diversity"": 0.2487351849795951, ""top100_tanimoto_diversity"": 0.2354165126688928, ""train_time"": 0.23744750022888184, ""unique_valid_smiles_seen"": 319667}"
electric-pond-17,fo0imdpv,finished,2026-03-27T05:48:52Z,PBP-Alpha-Diversity-0327,1969773923-shanghai-jiao-tong-university,"{""opt"": ""adam"", ""seed"": 0, ""alpha"": 0.9, ""method"": ""PBP_TB"", ""epsilon"": null, ""variant"": ""TBVariant.TB"", ""adam_eps"": 1e-08, ""lr_decay"": 20000, ""momentum"": 0.9, ""cum_subtb"": true, ""Z_lr_decay"": 50000, ""model_seed"": 0, ""alpha_final"": 0.5, ""alpha_sched"": ""hold_exp"", ""dist_params"": [64, 64], ""sample_dist"": ""constant"", ""do_predict_n"": false, ""weight_decay"": 1e-08, ""do_sample_p_b"": true, ""learning_rate"": 0.0001, ""sampling_seed"": 2, ""subtb_max_len"": 128, ""clip_grad_type"": ""norm"", ""Z_learning_rate"": 0.001, ""alpha_warm_frac"": 0.8, ""backward_policy"": ""Backward.Free"", ""clip_grad_param"": 10, ""do_length_normalize"": false, ""do_parameterize_p_b"": true, ""num_thermometer_dim"": 32, ""use_alpha_scheduler"": true, ""bootstrap_own_reward"": false, ""do_correct_idempotent"": false, ""reward_loss_multiplier"": 1}","{""Var-true"": 827.93505859375, ""_runtime"": 6973.05873131752, ""_step"": 4999, ""_timestamp"": 1774551143.1668353, ""_wandb"": {""runtime"": 6981}, ""all_num_modes"": 35, ""alpha"": 0.5073556303977966, ""entropy"": 47.77510070800781, ""grad_norm"": 143.6558380126953, ""grad_norm_clip"": 51.47786331176758, ""invalid_logprob"": 0, ""invalid_losses"": 0, ""invalid_trajectories"": 0, ""iteration"": 5000, ""length"": 26.859375, ""logZ"": 16.65154266357422, ""loss"": 15.146743774414062, ""offline_loss"": 0, ""online_loss"": 15.146743774414062, ""onpolicy_mode_tanimoto_diversity"": ""NaN"", ""onpolicy_num_modes"": 0, ""onpolicy_tanimoto_diversity"": 0.13400777810725323, ""paper_num_modes"": 0, ""paper_num_modes_frac"": 0, ""paper_onpolicy_num_modes"": 0, ""random_action_prob"": 0.0005, ""reward_loss"": 0, ""sampled_reward_avg"": 0.8776997923851013, ""time_spent"": 2.028878927230835, ""top1000_tanimoto_diversity"": 0.16294023871679614, ""top100_tanimoto_diversity"": 0.15202427086463602, ""train_time"": 0.2995777130126953, ""unique_valid_smiles_seen"": 68230}"
wise-snow-17,gxiwn3ov,finished,2026-03-27T05:48:52Z,PBP-Alpha-Diversity-0327,1969773923-shanghai-jiao-tong-university,"{""opt"": ""adam"", ""seed"": 0, ""alpha"": 0.2, ""method"": ""PBP_TB"", ""epsilon"": null, ""variant"": ""TBVariant.TB"", ""adam_eps"": 1e-08, ""lr_decay"": 20000, ""momentum"": 0.9, ""cum_subtb"": true, ""Z_lr_decay"": 50000, ""model_seed"": 0, ""alpha_final"": 0.5, ""alpha_sched"": ""hold_exp"", ""dist_params"": [64, 64], ""sample_dist"": ""constant"", ""do_predict_n"": false, ""weight_decay"": 1e-08, ""do_sample_p_b"": true, ""learning_rate"": 0.0001, ""sampling_seed"": 2, ""subtb_max_len"": 128, ""clip_grad_type"": ""norm"", ""Z_learning_rate"": 0.001, ""alpha_warm_frac"": 0.8, ""backward_policy"": ""Backward.Free"", ""clip_grad_param"": 10, ""do_length_normalize"": false, ""do_parameterize_p_b"": true, ""num_thermometer_dim"": 32, ""use_alpha_scheduler"": true, ""bootstrap_own_reward"": false, ""do_correct_idempotent"": false, ""reward_loss_multiplier"": 1}","{""Var-true"": 3061.75390625, ""_runtime"": 13940.411342382433, ""_step"": 4999, ""_timestamp"": 1774557750.3052645, ""_wandb"": {""runtime"": 13945}, ""all_num_modes"": 9234, ""alpha"": 0.4944832921028137, ""entropy"": 72.66839599609375, ""grad_norm"": 182.6711578369141, ""grad_norm_clip"": 54.090049743652344, ""invalid_logprob"": 0, ""invalid_losses"": 0, ""invalid_trajectories"": 0, ""iteration"": 5000, ""length"": 27, ""logZ"": 34.19923782348633, ""loss"": 21.5917911529541, ""offline_loss"": 0, ""online_loss"": 21.5917911529541, ""onpolicy_mode_tanimoto_diversity"": 0.25989943431803897, ""onpolicy_num_modes"": 2, ""onpolicy_tanimoto_diversity"": 0.242673841989601, ""paper_num_modes"": 0, ""paper_num_modes_frac"": 0, ""paper_onpolicy_num_modes"": 0, ""random_action_prob"": 0.0005, ""reward_loss"": 0, ""sampled_reward_avg"": 0.9204130172729492, ""time_spent"": 1.9052085876464844, ""top1000_tanimoto_diversity"": 0.24740291396465935, ""top100_tanimoto_diversity"": 0.2357372949327911, ""train_time"": 0.22916936874389648, ""unique_valid_smiles_seen"": 319717}"
revived-river-18,i2qb5mcq,finished,2026-03-27T05:48:52Z,PBP-Alpha-Diversity-0327,1969773923-shanghai-jiao-tong-university,"{""opt"": ""adam"", ""seed"": 0, ""alpha"": 0.4, ""method"": ""PBP_TB"", ""epsilon"": null, ""variant"": ""TBVariant.TB"", ""adam_eps"": 1e-08, ""lr_decay"": 20000, ""momentum"": 0.9, ""cum_subtb"": true, ""Z_lr_decay"": 50000, ""model_seed"": 0, ""alpha_final"": 0.5, ""alpha_sched"": ""hold_exp"", ""dist_params"": [64, 64], ""sample_dist"": ""constant"", ""do_predict_n"": false, ""weight_decay"": 1e-08, ""do_sample_p_b"": true, ""learning_rate"": 0.0001, ""sampling_seed"": 2, ""subtb_max_len"": 128, ""clip_grad_type"": ""norm"", ""Z_learning_rate"": 0.001, ""alpha_warm_frac"": 0.8, ""backward_policy"": ""Backward.Free"", ""clip_grad_param"": 10, ""do_length_normalize"": false, ""do_parameterize_p_b"": true, ""num_thermometer_dim"": 32, ""use_alpha_scheduler"": true, ""bootstrap_own_reward"": false, ""do_correct_idempotent"": false, ""reward_loss_multiplier"": 1}","{""Var-true"": 213.4341583251953, ""_runtime"": 12424.329437494278, ""_step"": 4999, ""_timestamp"": 1774556206.1348655, ""_wandb"": {""runtime"": 12433}, ""all_num_modes"": 8688, ""alpha"": 0.498161107301712, ""entropy"": 70.88252258300781, ""grad_norm"": 188.0673370361328, ""grad_norm_clip"": 57.8843994140625, ""invalid_logprob"": 0, ""invalid_losses"": 0, ""invalid_trajectories"": 0, ""iteration"": 5000, ""length"": 27, ""logZ"": 32.76367950439453, ""loss"": 9.055526733398438, ""offline_loss"": 0, ""online_loss"": 9.055526733398438, ""onpolicy_mode_tanimoto_diversity"": 0.26499996692804506, ""onpolicy_num_modes"": 3, ""onpolicy_tanimoto_diversity"": 0.2455625483746611, ""paper_num_modes"": 0, ""paper_num_modes_frac"": 0, ""paper_onpolicy_num_modes"": 0, ""random_action_prob"": 0.0005, ""reward_loss"": 0, ""sampled_reward_avg"": 0.9186931848526, ""time_spent"": 2.721494674682617, ""top1000_tanimoto_diversity"": 0.25044954763125676, ""top100_tanimoto_diversity"": 0.24806808528799704, ""train_time"": 0.22442221641540527, ""unique_valid_smiles_seen"": 319641}"
crimson-pine-1,ku8n1b2x,finished,2026-03-27T05:48:52Z,PBP-Alpha-Diversity-0327,1969773923-shanghai-jiao-tong-university,"{""opt"": ""adam"", ""seed"": 0, ""alpha"": 0.8, ""method"": ""PBP_TB"", ""epsilon"": null, ""variant"": ""TBVariant.TB"", ""adam_eps"": 1e-08, ""lr_decay"": 20000, ""momentum"": 0.9, ""cum_subtb"": true, ""Z_lr_decay"": 50000, ""model_seed"": 0, ""alpha_final"": 0.5, ""alpha_sched"": ""hold_exp"", ""dist_params"": [64, 64], ""sample_dist"": ""constant"", ""do_predict_n"": false, ""weight_decay"": 1e-08, ""do_sample_p_b"": true, ""learning_rate"": 0.0001, ""sampling_seed"": 2, ""subtb_max_len"": 128, ""clip_grad_type"": ""norm"", ""Z_learning_rate"": 0.001, ""alpha_warm_frac"": 0.8, ""backward_policy"": ""Backward.Free"", ""clip_grad_param"": 10, ""do_length_normalize"": false, ""do_parameterize_p_b"": true, ""num_thermometer_dim"": 32, ""use_alpha_scheduler"": true, ""bootstrap_own_reward"": false, ""do_correct_idempotent"": false, ""reward_loss_multiplier"": 1}","{""Var-true"": 1878.70556640625, ""_runtime"": 12585.72976231575, ""_step"": 4999, ""_timestamp"": 1774556427.5769603, ""_wandb"": {""runtime"": 12593}, ""all_num_modes"": 4887, ""alpha"": 0.5055167078971863, ""entropy"": 51.81109619140625, ""grad_norm"": 263.5968933105469, ""grad_norm_clip"": 57.87592697143555, ""invalid_logprob"": 0, ""invalid_losses"": 0, ""invalid_trajectories"": 0, ""iteration"": 5000, ""length"": 27, ""logZ"": 32.26260757446289, ""loss"": 14.44782257080078, ""offline_loss"": 0, ""online_loss"": 14.44782257080078, ""onpolicy_mode_tanimoto_diversity"": ""NaN"", ""onpolicy_num_modes"": 1, ""onpolicy_tanimoto_diversity"": 0.23670575061394136, ""paper_num_modes"": 0, ""paper_num_modes_frac"": 0, ""paper_onpolicy_num_modes"": 0, ""random_action_prob"": 0.0005, ""reward_loss"": 0, ""sampled_reward_avg"": 0.8997960686683655, ""time_spent"": 1.9739890098571775, ""top1000_tanimoto_diversity"": 0.24607471630373615, ""top100_tanimoto_diversity"": 0.2485407518933046, ""train_time"": 0.24308300018310547, ""unique_valid_smiles_seen"": 293686}"
lunar-donkey-18,m91is0x0,finished,2026-03-27T05:48:52Z,PBP-Alpha-Diversity-0327,1969773923-shanghai-jiao-tong-university,"{""opt"": ""adam"", ""seed"": 0, ""alpha"": 0.9, ""method"": ""PBP_TB"", ""epsilon"": null, ""variant"": ""TBVariant.TB"", ""adam_eps"": 1e-08, ""lr_decay"": 20000, ""momentum"": 0.9, ""cum_subtb"": true, ""Z_lr_decay"": 50000, ""model_seed"": 0, ""alpha_final"": 0.5, ""alpha_sched"": ""hold_exp"", ""dist_params"": [64, 64], ""sample_dist"": ""constant"", ""do_predict_n"": false, ""weight_decay"": 1e-08, ""do_sample_p_b"": true, ""learning_rate"": 0.0001, ""sampling_seed"": 0, ""subtb_max_len"": 128, ""clip_grad_type"": ""norm"", ""Z_learning_rate"": 0.001, ""alpha_warm_frac"": 0.8, ""backward_policy"": ""Backward.Free"", ""clip_grad_param"": 10, ""do_length_normalize"": false, ""do_parameterize_p_b"": true, ""num_thermometer_dim"": 32, ""use_alpha_scheduler"": true, ""bootstrap_own_reward"": false, ""do_correct_idempotent"": false, ""reward_loss_multiplier"": 1}","{""Var-true"": 7010.431640625, ""_runtime"": 8103.273988485336, ""_step"": 4999, ""_timestamp"": 1774551884.9795046, ""_wandb"": {""runtime"": 8112}, ""all_num_modes"": 49, ""alpha"": 0.5073556303977966, ""entropy"": 51.82994079589844, ""grad_norm"": 277.1100158691406, ""grad_norm_clip"": 57.08838653564453, ""invalid_logprob"": 0, ""invalid_losses"": 0, ""invalid_trajectories"": 0, ""iteration"": 5000, ""length"": 27, ""logZ"": 17.808950424194336, ""loss"": 19.123292922973633, ""offline_loss"": 0, ""online_loss"": 19.123292922973633, ""onpolicy_mode_tanimoto_diversity"": ""NaN"", ""onpolicy_num_modes"": 0, ""onpolicy_tanimoto_diversity"": 0.16989130089890175, ""paper_num_modes"": 0, ""paper_num_modes_frac"": 0, ""paper_onpolicy_num_modes"": 0, ""random_action_prob"": 0.0005, ""reward_loss"": 0, ""sampled_reward_avg"": 0.8773741722106934, ""time_spent"": 2.115499496459961, ""top1000_tanimoto_diversity"": 0.1716053182805885, ""top100_tanimoto_diversity"": 0.1720469999334536, ""train_time"": 0.27741265296936035, ""unique_valid_smiles_seen"": 69518}"
vital-plant-2,migtquuz,finished,2026-03-27T05:48:52Z,PBP-Alpha-Diversity-0327,1969773923-shanghai-jiao-tong-university,"{""opt"": ""adam"", ""seed"": 0, ""alpha"": 0.7, ""method"": ""PBP_TB"", ""epsilon"": null, ""variant"": ""TBVariant.TB"", ""adam_eps"": 1e-08, ""lr_decay"": 20000, ""momentum"": 0.9, ""cum_subtb"": true, ""Z_lr_decay"": 50000, ""model_seed"": 0, ""alpha_final"": 0.5, ""alpha_sched"": ""hold_exp"", ""dist_params"": [64, 64], ""sample_dist"": ""constant"", ""do_predict_n"": false, ""weight_decay"": 1e-08, ""do_sample_p_b"": true, ""learning_rate"": 0.0001, ""sampling_seed"": 2, ""subtb_max_len"": 128, ""clip_grad_type"": ""norm"", ""Z_learning_rate"": 0.001, ""alpha_warm_frac"": 0.8, ""backward_policy"": ""Backward.Free"", ""clip_grad_param"": 10, ""do_length_normalize"": false, ""do_parameterize_p_b"": true, ""num_thermometer_dim"": 32, ""use_alpha_scheduler"": true, ""bootstrap_own_reward"": false, ""do_correct_idempotent"": false, ""reward_loss_multiplier"": 1}","{""Var-true"": 76.96659088134766, ""_runtime"": 12667.94396662712, ""_step"": 4999, ""_timestamp"": 1774556509.8362997, ""_wandb"": {""runtime"": 12676}, ""all_num_modes"": 8371, ""alpha"": 0.5036777853965759, ""entropy"": 72.22843933105469, ""grad_norm"": 131.78128051757812, ""grad_norm_clip"": 51.130340576171875, ""invalid_logprob"": 0, ""invalid_losses"": 0, ""invalid_trajectories"": 0, ""iteration"": 5000, ""length"": 27, ""logZ"": 32.82512283325195, ""loss"": 6.460568904876709, ""offline_loss"": 0, ""online_loss"": 6.460568904876709, ""onpolicy_mode_tanimoto_diversity"": 0.2836812144212524, ""onpolicy_num_modes"": 2, ""onpolicy_tanimoto_diversity"": 0.2431190991188975, ""paper_num_modes"": 0, ""paper_num_modes_frac"": 0, ""paper_onpolicy_num_modes"": 0, ""random_action_prob"": 0.0005, ""reward_loss"": 0, ""sampled_reward_avg"": 0.92228901386261, ""time_spent"": 1.7902123928070068, ""top1000_tanimoto_diversity"": 0.24930671047512376, ""top100_tanimoto_diversity"": 0.24651661060305605, ""train_time"": 0.2193138599395752, ""unique_valid_smiles_seen"": 294634}"
sandy-glade-1,mmuivr6p,finished,2026-03-27T05:48:52Z,PBP-Alpha-Diversity-0327,1969773923-shanghai-jiao-tong-university,"{""opt"": ""adam"", ""seed"": 0, ""alpha"": 0.9, ""method"": ""PBP_TB"", ""epsilon"": null, ""variant"": ""TBVariant.TB"", ""adam_eps"": 1e-08, ""lr_decay"": 20000, ""momentum"": 0.9, ""cum_subtb"": true, ""Z_lr_decay"": 50000, ""model_seed"": 0, ""alpha_final"": 0.5, ""alpha_sched"": ""hold_exp"", ""dist_params"": [64, 64], ""sample_dist"": ""constant"", ""do_predict_n"": false, ""weight_decay"": 1e-08, ""do_sample_p_b"": true, ""learning_rate"": 0.0001, ""sampling_seed"": 1, ""subtb_max_len"": 128, ""clip_grad_type"": ""norm"", ""Z_learning_rate"": 0.001, ""alpha_warm_frac"": 0.8, ""backward_policy"": ""Backward.Free"", ""clip_grad_param"": 10, ""do_length_normalize"": false, ""do_parameterize_p_b"": true, ""num_thermometer_dim"": 32, ""use_alpha_scheduler"": true, ""bootstrap_own_reward"": false, ""do_correct_idempotent"": false, ""reward_loss_multiplier"": 1}","{""Var-true"": 7178.09912109375, ""_runtime"": 7780.970069169998, ""_step"": 4999, ""_timestamp"": 1774551562.711378, ""_wandb"": {""runtime"": 7788}, ""all_num_modes"": 40, ""alpha"": 0.5073556303977966, ""entropy"": 47.61697006225586, ""grad_norm"": 211.00717163085935, ""grad_norm_clip"": 56.07588195800781, ""invalid_logprob"": 0, ""invalid_losses"": 0, ""invalid_trajectories"": 0, ""iteration"": 5000, ""length"": 26.953125, ""logZ"": 17.363935470581055, ""loss"": 32.7158203125, ""offline_loss"": 0, ""online_loss"": 32.7158203125, ""onpolicy_mode_tanimoto_diversity"": ""NaN"", ""onpolicy_num_modes"": 1, ""onpolicy_tanimoto_diversity"": 0.16379546733763742, ""paper_num_modes"": 0, ""paper_num_modes_frac"": 0, ""paper_onpolicy_num_modes"": 0, ""random_action_prob"": 0.0005, ""reward_loss"": 0, ""sampled_reward_avg"": 0.8574079871177673, ""time_spent"": 2.299675464630127, ""top1000_tanimoto_diversity"": 0.16426597671688517, ""top100_tanimoto_diversity"": 0.15093173079744282, ""train_time"": 0.35243678092956543, ""unique_valid_smiles_seen"": 70905}"
jolly-snow-20,mzah12eb,finished,2026-03-27T05:48:52Z,PBP-Alpha-Diversity-0327,1969773923-shanghai-jiao-tong-university,"{""opt"": ""adam"", ""seed"": 0, ""alpha"": 0.2, ""method"": ""PBP_TB"", ""epsilon"": null, ""variant"": ""TBVariant.TB"", ""adam_eps"": 1e-08, ""lr_decay"": 20000, ""momentum"": 0.9, ""cum_subtb"": true, ""Z_lr_decay"": 50000, ""model_seed"": 0, ""alpha_final"": 0.5, ""alpha_sched"": ""hold_exp"", ""dist_params"": [64, 64], ""sample_dist"": ""constant"", ""do_predict_n"": false, ""weight_decay"": 1e-08, ""do_sample_p_b"": true, ""learning_rate"": 0.0001, ""sampling_seed"": 1, ""subtb_max_len"": 128, ""clip_grad_type"": ""norm"", ""Z_learning_rate"": 0.001, ""alpha_warm_frac"": 0.8, ""backward_policy"": ""Backward.Free"", ""clip_grad_param"": 10, ""do_length_normalize"": false, ""do_parameterize_p_b"": true, ""num_thermometer_dim"": 32, ""use_alpha_scheduler"": true, ""bootstrap_own_reward"": false, ""do_correct_idempotent"": false, ""reward_loss_multiplier"": 1}","{""Var-true"": 1853.527587890625, ""_runtime"": 12691.506227970123, ""_step"": 4999, ""_timestamp"": 1774556473.203412, ""_wandb"": {""runtime"": 12699}, ""all_num_modes"": 9484, ""alpha"": 0.4944832921028137, ""entropy"": 72.62226104736328, ""grad_norm"": 174.916259765625, ""grad_norm_clip"": 57.95691680908203, ""invalid_logprob"": 0, ""invalid_losses"": 0, ""invalid_trajectories"": 0, ""iteration"": 5000, ""length"": 27, ""logZ"": 34.01327133178711, ""loss"": 16.479106903076172, ""offline_loss"": 0, ""online_loss"": 16.479106903076172, ""onpolicy_mode_tanimoto_diversity"": ""NaN"", ""onpolicy_num_modes"": 1, ""onpolicy_tanimoto_diversity"": 0.2464897248501591, ""paper_num_modes"": 0, ""paper_num_modes_frac"": 0, ""paper_onpolicy_num_modes"": 0, ""random_action_prob"": 0.0005, ""reward_loss"": 0, ""sampled_reward_avg"": 0.9080734848976136, ""time_spent"": 1.5028040409088137, ""top1000_tanimoto_diversity"": 0.2411097684469164, ""top100_tanimoto_diversity"": 0.22674200354849625, ""train_time"": 0.183579683303833, ""unique_valid_smiles_seen"": 319728}"
fast-shadow-15,n0fnwu3e,finished,2026-03-27T05:48:52Z,PBP-Alpha-Diversity-0327,1969773923-shanghai-jiao-tong-university,"{""opt"": ""adam"", ""seed"": 0, ""alpha"": 0.8, ""method"": ""PBP_TB"", ""epsilon"": null, ""variant"": ""TBVariant.TB"", ""adam_eps"": 1e-08, ""lr_decay"": 20000, ""momentum"": 0.9, ""cum_subtb"": true, ""Z_lr_decay"": 50000, ""model_seed"": 0, ""alpha_final"": 0.5, ""alpha_sched"": ""hold_exp"", ""dist_params"": [64, 64], ""sample_dist"": ""constant"", ""do_predict_n"": false, ""weight_decay"": 1e-08, ""do_sample_p_b"": true, ""learning_rate"": 0.0001, ""sampling_seed"": 1, ""subtb_max_len"": 128, ""clip_grad_type"": ""norm"", ""Z_learning_rate"": 0.001, ""alpha_warm_frac"": 0.8, ""backward_policy"": ""Backward.Free"", ""clip_grad_param"": 10, ""do_length_normalize"": false, ""do_parameterize_p_b"": true, ""num_thermometer_dim"": 32, ""use_alpha_scheduler"": true, ""bootstrap_own_reward"": false, ""do_correct_idempotent"": false, ""reward_loss_multiplier"": 1}","{""Var-true"": 251162.640625, ""_runtime"": 10412.35584807396, ""_step"": 4999, ""_timestamp"": 1774554194.11944, ""_wandb"": {""runtime"": 10419}, ""all_num_modes"": 8171, ""alpha"": 0.5055167078971863, ""entropy"": 72.9175796508789, ""grad_norm"": 575.1304321289062, ""grad_norm_clip"": 72.31598663330078, ""invalid_logprob"": 0, ""invalid_losses"": 0, ""invalid_trajectories"": 0, ""iteration"": 5000, ""length"": 27, ""logZ"": 31.868921279907227, ""loss"": 105.18535614013672, ""offline_loss"": 0, ""online_loss"": 105.18535614013672, ""onpolicy_mode_tanimoto_diversity"": 0.2815076367774163, ""onpolicy_num_modes"": 3, ""onpolicy_tanimoto_diversity"": 0.24193110492333977, ""paper_num_modes"": 0, ""paper_num_modes_frac"": 0, ""paper_onpolicy_num_modes"": 0, ""random_action_prob"": 0.0005, ""reward_loss"": 0, ""sampled_reward_avg"": 0.8819065093994141, ""time_spent"": 3.8716866970062256, ""top1000_tanimoto_diversity"": 0.2523087747299952, ""top100_tanimoto_diversity"": 0.2472311265209962, ""train_time"": 0.2604200839996338, ""unique_valid_smiles_seen"": 295923}"
woven-sponge-20,n6cbz012,finished,2026-03-27T05:48:52Z,PBP-Alpha-Diversity-0327,1969773923-shanghai-jiao-tong-university,"{""opt"": ""adam"", ""seed"": 0, ""alpha"": 0.2, ""method"": ""PBP_TB"", ""epsilon"": null, ""variant"": ""TBVariant.TB"", ""adam_eps"": 1e-08, ""lr_decay"": 20000, ""momentum"": 0.9, ""cum_subtb"": true, ""Z_lr_decay"": 50000, ""model_seed"": 0, ""alpha_final"": 0.5, ""alpha_sched"": ""hold_exp"", ""dist_params"": [64, 64], ""sample_dist"": ""constant"", ""do_predict_n"": false, ""weight_decay"": 1e-08, ""do_sample_p_b"": true, ""learning_rate"": 0.0001, ""sampling_seed"": 0, ""subtb_max_len"": 128, ""clip_grad_type"": ""norm"", ""Z_learning_rate"": 0.001, ""alpha_warm_frac"": 0.8, ""backward_policy"": ""Backward.Free"", ""clip_grad_param"": 10, ""do_length_normalize"": false, ""do_parameterize_p_b"": true, ""num_thermometer_dim"": 32, ""use_alpha_scheduler"": true, ""bootstrap_own_reward"": false, ""do_correct_idempotent"": false, ""reward_loss_multiplier"": 1}","{""Var-true"": 684.6585083007812, ""_runtime"": 14421.207041978836, ""_step"": 4999, ""_timestamp"": 1774558191.017868, ""_wandb"": {""runtime"": 14434}, ""all_num_modes"": 9231, ""alpha"": 0.4944832921028137, ""entropy"": 71.69989013671875, ""grad_norm"": 301.6098327636719, ""grad_norm_clip"": 66.47100830078125, ""invalid_logprob"": 0, ""invalid_losses"": 0, ""invalid_trajectories"": 0, ""iteration"": 5000, ""length"": 27, ""logZ"": 33.47645950317383, ""loss"": 13.091256141662598, ""offline_loss"": 0, ""online_loss"": 13.091256141662598, ""onpolicy_mode_tanimoto_diversity"": 0.2723686760941039, ""onpolicy_num_modes"": 3, ""onpolicy_tanimoto_diversity"": 0.2340081690315778, ""paper_num_modes"": 0, ""paper_num_modes_frac"": 0, ""paper_onpolicy_num_modes"": 0, ""random_action_prob"": 0.0005, ""reward_loss"": 0, ""sampled_reward_avg"": 0.9177027940750122, ""time_spent"": 2.4686403274536133, ""top1000_tanimoto_diversity"": 0.24844580898392576, ""top100_tanimoto_diversity"": 0.2428734002490538, ""train_time"": 0.3948476314544678, ""unique_valid_smiles_seen"": 319714}"
lively-paper-5,nd1esnsy,finished,2026-03-27T05:48:52Z,PBP-Alpha-Diversity-0327,1969773923-shanghai-jiao-tong-university,"{""opt"": ""adam"", ""seed"": 0, ""alpha"": 0.4, ""method"": ""PBP_TB"", ""epsilon"": null, ""variant"": ""TBVariant.TB"", ""adam_eps"": 1e-08, ""lr_decay"": 20000, ""momentum"": 0.9, ""cum_subtb"": true, ""Z_lr_decay"": 50000, ""model_seed"": 0, ""alpha_final"": 0.5, ""alpha_sched"": ""hold_exp"", ""dist_params"": [64, 64], ""sample_dist"": ""constant"", ""do_predict_n"": false, ""weight_decay"": 1e-08, ""do_sample_p_b"": true, ""learning_rate"": 0.0001, ""sampling_seed"": 1, ""subtb_max_len"": 128, ""clip_grad_type"": ""norm"", ""Z_learning_rate"": 0.001, ""alpha_warm_frac"": 0.8, ""backward_policy"": ""Backward.Free"", ""clip_grad_param"": 10, ""do_length_normalize"": false, ""do_parameterize_p_b"": true, ""num_thermometer_dim"": 32, ""use_alpha_scheduler"": true, ""bootstrap_own_reward"": false, ""do_correct_idempotent"": false, ""reward_loss_multiplier"": 1}","{""Var-true"": 8827.3056640625, ""_runtime"": 12333.809625864027, ""_step"": 4999, ""_timestamp"": 1774556114.7482488, ""_wandb"": {""runtime"": 12340}, ""all_num_modes"": 8488, ""alpha"": 0.498161107301712, ""entropy"": 71.08000183105469, ""grad_norm"": 198.5118103027344, ""grad_norm_clip"": 56.398494720458984, ""invalid_logprob"": 0, ""invalid_losses"": 0, ""invalid_trajectories"": 0, ""iteration"": 5000, ""length"": 27, ""logZ"": 33.420265197753906, ""loss"": 21.508968353271484, ""offline_loss"": 0, ""online_loss"": 21.508968353271484, ""onpolicy_mode_tanimoto_diversity"": 0.2803308823529412, ""onpolicy_num_modes"": 2, ""onpolicy_tanimoto_diversity"": 0.2263942457212838, ""paper_num_modes"": 0, ""paper_num_modes_frac"": 0, ""paper_onpolicy_num_modes"": 0, ""random_action_prob"": 0.0005, ""reward_loss"": 0, ""sampled_reward_avg"": 0.9204803705215454, ""time_spent"": 1.6963822841644287, ""top1000_tanimoto_diversity"": 0.24786098829389777, ""top100_tanimoto_diversity"": 0.2435578363398944, ""train_time"": 0.19173574447631836, ""unique_valid_smiles_seen"": 319500}"
cosmic-bird-1,nivdn0uq,finished,2026-03-27T05:48:52Z,PBP-Alpha-Diversity-0327,1969773923-shanghai-jiao-tong-university,"{""opt"": ""adam"", ""seed"": 0, ""alpha"": 0.6, ""method"": ""PBP_TB"", ""epsilon"": null, ""variant"": ""TBVariant.TB"", ""adam_eps"": 1e-08, ""lr_decay"": 20000, ""momentum"": 0.9, ""cum_subtb"": true, ""Z_lr_decay"": 50000, ""model_seed"": 0, ""alpha_final"": 0.5, ""alpha_sched"": ""hold_exp"", ""dist_params"": [64, 64], ""sample_dist"": ""constant"", ""do_predict_n"": false, ""weight_decay"": 1e-08, ""do_sample_p_b"": true, ""learning_rate"": 0.0001, ""sampling_seed"": 0, ""subtb_max_len"": 128, ""clip_grad_type"": ""norm"", ""Z_learning_rate"": 0.001, ""alpha_warm_frac"": 0.8, ""backward_policy"": ""Backward.Free"", ""clip_grad_param"": 10, ""do_length_normalize"": false, ""do_parameterize_p_b"": true, ""num_thermometer_dim"": 32, ""use_alpha_scheduler"": true, ""bootstrap_own_reward"": false, ""do_correct_idempotent"": false, ""reward_loss_multiplier"": 1}","{""Var-true"": 138704.03125, ""_runtime"": 14894.916812419891, ""_step"": 4999, ""_timestamp"": 1774558664.8071575, ""_wandb"": {""runtime"": 14902}, ""all_num_modes"": 7380, ""alpha"": 0.5018389225006104, ""entropy"": 71.86980438232422, ""grad_norm"": 375.2843627929687, ""grad_norm_clip"": 67.56448364257812, ""invalid_logprob"": 0, ""invalid_losses"": 0, ""invalid_trajectories"": 0, ""iteration"": 5000, ""length"": 27, ""logZ"": 32.354026794433594, ""loss"": 76.40310668945312, ""offline_loss"": 0, ""online_loss"": 76.40310668945312, ""onpolicy_mode_tanimoto_diversity"": 0.23349937733499376, ""onpolicy_num_modes"": 2, ""onpolicy_tanimoto_diversity"": 0.24543600339238303, ""paper_num_modes"": 0, ""paper_num_modes_frac"": 0, ""paper_onpolicy_num_modes"": 0, ""random_action_prob"": 0.0005, ""reward_loss"": 0, ""sampled_reward_avg"": 0.9016242027282716, ""time_spent"": 1.9326202869415283, ""top1000_tanimoto_diversity"": 0.2546936143305873, ""top100_tanimoto_diversity"": 0.2520845828676636, ""train_time"": 0.22944879531860352, ""unique_valid_smiles_seen"": 316142}"
dauntless-flower-1,pr5dq80t,finished,2026-03-27T05:48:52Z,PBP-Alpha-Diversity-0327,1969773923-shanghai-jiao-tong-university,"{""opt"": ""adam"", ""seed"": 0, ""alpha"": 0.5, ""method"": ""PBP_TB"", ""epsilon"": null, ""variant"": ""TBVariant.TB"", ""adam_eps"": 1e-08, ""lr_decay"": 20000, ""momentum"": 0.9, ""cum_subtb"": true, ""Z_lr_decay"": 50000, ""model_seed"": 0, ""alpha_final"": 0.5, ""alpha_sched"": ""hold_exp"", ""dist_params"": [64, 64], ""sample_dist"": ""constant"", ""do_predict_n"": false, ""weight_decay"": 1e-08, ""do_sample_p_b"": true, ""learning_rate"": 0.0001, ""sampling_seed"": 1, ""subtb_max_len"": 128, ""clip_grad_type"": ""norm"", ""Z_learning_rate"": 0.001, ""alpha_warm_frac"": 0.8, ""backward_policy"": ""Backward.Free"", ""clip_grad_param"": 10, ""do_length_normalize"": false, ""do_parameterize_p_b"": true, ""num_thermometer_dim"": 32, ""use_alpha_scheduler"": true, ""bootstrap_own_reward"": false, ""do_correct_idempotent"": false, ""reward_loss_multiplier"": 1}","{""Var-true"": 2140.308349609375, ""_runtime"": 11112.498789072037, ""_step"": 4999, ""_timestamp"": 1774554893.85741, ""_wandb"": {""runtime"": 11120}, ""all_num_modes"": 8131, ""alpha"": 0.5, ""entropy"": 72.3303451538086, ""grad_norm"": 176.63941955566406, ""grad_norm_clip"": 52.65419006347656, ""invalid_logprob"": 0, ""invalid_losses"": 0, ""invalid_trajectories"": 0, ""iteration"": 5000, ""length"": 27, ""logZ"": 32.11386489868164, ""loss"": 17.584293365478516, ""offline_loss"": 0, ""online_loss"": 17.584293365478516, ""onpolicy_mode_tanimoto_diversity"": ""NaN"", ""onpolicy_num_modes"": 0, ""onpolicy_tanimoto_diversity"": 0.24127206014066585, ""paper_num_modes"": 0, ""paper_num_modes_frac"": 0, ""paper_onpolicy_num_modes"": 0, ""random_action_prob"": 0.0005, ""reward_loss"": 0, ""sampled_reward_avg"": 0.904577612876892, ""time_spent"": 1.6667373180389404, ""top1000_tanimoto_diversity"": 0.2527614911359538, ""top100_tanimoto_diversity"": 0.2523886258918121, ""train_time"": 0.19608592987060547, ""unique_valid_smiles_seen"": 317945}"
olive-violet-18,q3zsbj8g,finished,2026-03-27T05:48:52Z,PBP-Alpha-Diversity-0327,1969773923-shanghai-jiao-tong-university,"{""opt"": ""adam"", ""seed"": 0, ""alpha"": 0.1, ""method"": ""PBP_TB"", ""epsilon"": null, ""variant"": ""TBVariant.TB"", ""adam_eps"": 1e-08, ""lr_decay"": 20000, ""momentum"": 0.9, ""cum_subtb"": true, ""Z_lr_decay"": 50000, ""model_seed"": 0, ""alpha_final"": 0.5, ""alpha_sched"": ""hold_exp"", ""dist_params"": [64, 64], ""sample_dist"": ""constant"", ""do_predict_n"": false, ""weight_decay"": 1e-08, ""do_sample_p_b"": true, ""learning_rate"": 0.0001, ""sampling_seed"": 2, ""subtb_max_len"": 128, ""clip_grad_type"": ""norm"", ""Z_learning_rate"": 0.001, ""alpha_warm_frac"": 0.8, ""backward_policy"": ""Backward.Free"", ""clip_grad_param"": 10, ""do_length_normalize"": false, ""do_parameterize_p_b"": true, ""num_thermometer_dim"": 32, ""use_alpha_scheduler"": true, ""bootstrap_own_reward"": false, ""do_correct_idempotent"": false, ""reward_loss_multiplier"": 1}","{""Var-true"": 640.6530151367188, ""_runtime"": 13299.21011352539, ""_step"": 4999, ""_timestamp"": 1774557141.0759106, ""_wandb"": {""runtime"": 13308}, ""all_num_modes"": 9665, ""alpha"": 0.49264436960220337, ""entropy"": 73.59095764160156, ""grad_norm"": 215.6392517089844, ""grad_norm_clip"": 59.05159378051758, ""invalid_logprob"": 0, ""invalid_losses"": 0, ""invalid_trajectories"": 0, ""iteration"": 5000, ""length"": 27, ""logZ"": 33.45589828491211, ""loss"": 11.942619323730469, ""offline_loss"": 0, ""online_loss"": 11.942619323730469, ""onpolicy_mode_tanimoto_diversity"": 0.26002831921447095, ""onpolicy_num_modes"": 4, ""onpolicy_tanimoto_diversity"": 0.24095467804582368, ""paper_num_modes"": 0, ""paper_num_modes_frac"": 0, ""paper_onpolicy_num_modes"": 0, ""random_action_prob"": 0.0005, ""reward_loss"": 0, ""sampled_reward_avg"": 0.9126518964767456, ""time_spent"": 1.873152256011963, ""top1000_tanimoto_diversity"": 0.252152978836239, ""top100_tanimoto_diversity"": 0.2508053270090797, ""train_time"": 0.2446744441986084, ""unique_valid_smiles_seen"": 319658}"
faithful-sponge-20,sc8qgzkv,finished,2026-03-27T05:48:52Z,PBP-Alpha-Diversity-0327,1969773923-shanghai-jiao-tong-university,"{""opt"": ""adam"", ""seed"": 0, ""alpha"": 0.6, ""method"": ""PBP_TB"", ""epsilon"": null, ""variant"": ""TBVariant.TB"", ""adam_eps"": 1e-08, ""lr_decay"": 20000, ""momentum"": 0.9, ""cum_subtb"": true, ""Z_lr_decay"": 50000, ""model_seed"": 0, ""alpha_final"": 0.5, ""alpha_sched"": ""hold_exp"", ""dist_params"": [64, 64], ""sample_dist"": ""constant"", ""do_predict_n"": false, ""weight_decay"": 1e-08, ""do_sample_p_b"": true, ""learning_rate"": 0.0001, ""sampling_seed"": 2, ""subtb_max_len"": 128, ""clip_grad_type"": ""norm"", ""Z_learning_rate"": 0.001, ""alpha_warm_frac"": 0.8, ""backward_policy"": ""Backward.Free"", ""clip_grad_param"": 10, ""do_length_normalize"": false, ""do_parameterize_p_b"": true, ""num_thermometer_dim"": 32, ""use_alpha_scheduler"": true, ""bootstrap_own_reward"": false, ""do_correct_idempotent"": false, ""reward_loss_multiplier"": 1}","{""Var-true"": 8198.36328125, ""_runtime"": 13080.206315517426, ""_step"": 4999, ""_timestamp"": 1774556922.0540245, ""_wandb"": {""runtime"": 13092}, ""all_num_modes"": 7003, ""alpha"": 0.5018389225006104, ""entropy"": 72.29002380371094, ""grad_norm"": 198.2718811035156, ""grad_norm_clip"": 57.43167495727539, ""invalid_logprob"": 0, ""invalid_losses"": 0, ""invalid_trajectories"": 0, ""iteration"": 5000, ""length"": 27, ""logZ"": 32.35723876953125, ""loss"": 28.64807891845703, ""offline_loss"": 0, ""online_loss"": 28.64807891845703, ""onpolicy_mode_tanimoto_diversity"": ""NaN"", ""onpolicy_num_modes"": 1, ""onpolicy_tanimoto_diversity"": 0.2381845645141767, ""paper_num_modes"": 0, ""paper_num_modes_frac"": 0, ""paper_onpolicy_num_modes"": 0, ""random_action_prob"": 0.0005, ""reward_loss"": 0, ""sampled_reward_avg"": 0.8920735120773315, ""time_spent"": 2.0594983100891113, ""top1000_tanimoto_diversity"": 0.25311994427999374, ""top100_tanimoto_diversity"": 0.2476981157310798, ""train_time"": 0.2089824676513672, ""unique_valid_smiles_seen"": 292038}"
lunar-thunder-1,si1z2rfs,finished,2026-03-27T05:48:52Z,PBP-Alpha-Diversity-0327,1969773923-shanghai-jiao-tong-university,"{""opt"": ""adam"", ""seed"": 0, ""alpha"": 0.8, ""method"": ""PBP_TB"", ""epsilon"": null, ""variant"": ""TBVariant.TB"", ""adam_eps"": 1e-08, ""lr_decay"": 20000, ""momentum"": 0.9, ""cum_subtb"": true, ""Z_lr_decay"": 50000, ""model_seed"": 0, ""alpha_final"": 0.5, ""alpha_sched"": ""hold_exp"", ""dist_params"": [64, 64], ""sample_dist"": ""constant"", ""do_predict_n"": false, ""weight_decay"": 1e-08, ""do_sample_p_b"": true, ""learning_rate"": 0.0001, ""sampling_seed"": 0, ""subtb_max_len"": 128, ""clip_grad_type"": ""norm"", ""Z_learning_rate"": 0.001, ""alpha_warm_frac"": 0.8, ""backward_policy"": ""Backward.Free"", ""clip_grad_param"": 10, ""do_length_normalize"": false, ""do_parameterize_p_b"": true, ""num_thermometer_dim"": 32, ""use_alpha_scheduler"": true, ""bootstrap_own_reward"": false, ""do_correct_idempotent"": false, ""reward_loss_multiplier"": 1}","{""Var-true"": 97842.9453125, ""_runtime"": 7605.237910985947, ""_step"": 4999, ""_timestamp"": 1774551386.9667609, ""_wandb"": {""runtime"": 7616}, ""all_num_modes"": 1249, ""alpha"": 0.5055167078971863, ""entropy"": 39.794456481933594, ""grad_norm"": 706.4099731445312, ""grad_norm_clip"": 70.24388122558594, ""invalid_logprob"": 0, ""invalid_losses"": 0, ""invalid_trajectories"": 0, ""iteration"": 5000, ""length"": 27, ""logZ"": 22.563764572143555, ""loss"": 74.63420104980469, ""offline_loss"": 0, ""online_loss"": 74.63420104980469, ""onpolicy_mode_tanimoto_diversity"": 0.2570588235294118, ""onpolicy_num_modes"": 2, ""onpolicy_tanimoto_diversity"": 0.22558277867586587, ""paper_num_modes"": 0, ""paper_num_modes_frac"": 0, ""paper_onpolicy_num_modes"": 0, ""random_action_prob"": 0.0005, ""reward_loss"": 0, ""sampled_reward_avg"": 0.8858499526977539, ""time_spent"": 1.8077855110168457, ""top1000_tanimoto_diversity"": 0.25524795038304143, ""top100_tanimoto_diversity"": 0.2688365689503785, ""train_time"": 0.21827030181884768, ""unique_valid_smiles_seen"": 107893}"
daily-music-17,t0lxupfd,finished,2026-03-27T05:48:52Z,PBP-Alpha-Diversity-0327,1969773923-shanghai-jiao-tong-university,"{""opt"": ""adam"", ""seed"": 0, ""alpha"": 0.7, ""method"": ""PBP_TB"", ""epsilon"": null, ""variant"": ""TBVariant.TB"", ""adam_eps"": 1e-08, ""lr_decay"": 20000, ""momentum"": 0.9, ""cum_subtb"": true, ""Z_lr_decay"": 50000, ""model_seed"": 0, ""alpha_final"": 0.5, ""alpha_sched"": ""hold_exp"", ""dist_params"": [64, 64], ""sample_dist"": ""constant"", ""do_predict_n"": false, ""weight_decay"": 1e-08, ""do_sample_p_b"": true, ""learning_rate"": 0.0001, ""sampling_seed"": 0, ""subtb_max_len"": 128, ""clip_grad_type"": ""norm"", ""Z_learning_rate"": 0.001, ""alpha_warm_frac"": 0.8, ""backward_policy"": ""Backward.Free"", ""clip_grad_param"": 10, ""do_length_normalize"": false, ""do_parameterize_p_b"": true, ""num_thermometer_dim"": 32, ""use_alpha_scheduler"": true, ""bootstrap_own_reward"": false, ""do_correct_idempotent"": false, ""reward_loss_multiplier"": 1}","{""Var-true"": 3382.711181640625, ""_runtime"": 10347.41452407837, ""_step"": 4999, ""_timestamp"": 1774554129.201362, ""_wandb"": {""runtime"": 10353}, ""all_num_modes"": 7648, ""alpha"": 0.5036777853965759, ""entropy"": 73.1308822631836, ""grad_norm"": 583.98828125, ""grad_norm_clip"": 69.61426544189453, ""invalid_logprob"": 0, ""invalid_losses"": 0, ""invalid_trajectories"": 0, ""iteration"": 5000, ""length"": 27, ""logZ"": 31.66882705688477, ""loss"": 20.273258209228516, ""offline_loss"": 0, ""online_loss"": 20.273258209228516, ""onpolicy_mode_tanimoto_diversity"": 0.26939067981693293, ""onpolicy_num_modes"": 3, ""onpolicy_tanimoto_diversity"": 0.23912820348543415, ""paper_num_modes"": 0, ""paper_num_modes_frac"": 0, ""paper_onpolicy_num_modes"": 0, ""random_action_prob"": 0.0005, ""reward_loss"": 0, ""sampled_reward_avg"": 0.9079726934432985, ""time_spent"": 1.6742968559265137, ""top1000_tanimoto_diversity"": 0.25365910262793884, ""top100_tanimoto_diversity"": 0.24846305809487051, ""train_time"": 0.19101786613464355, ""unique_valid_smiles_seen"": 297606}"
efficient-firefly-1,vjelwqzp,finished,2026-03-27T05:48:52Z,PBP-Alpha-Diversity-0327,1969773923-shanghai-jiao-tong-university,"{""opt"": ""adam"", ""seed"": 0, ""alpha"": 0.7, ""method"": ""PBP_TB"", ""epsilon"": null, ""variant"": ""TBVariant.TB"", ""adam_eps"": 1e-08, ""lr_decay"": 20000, ""momentum"": 0.9, ""cum_subtb"": true, ""Z_lr_decay"": 50000, ""model_seed"": 0, ""alpha_final"": 0.5, ""alpha_sched"": ""hold_exp"", ""dist_params"": [64, 64], ""sample_dist"": ""constant"", ""do_predict_n"": false, ""weight_decay"": 1e-08, ""do_sample_p_b"": true, ""learning_rate"": 0.0001, ""sampling_seed"": 1, ""subtb_max_len"": 128, ""clip_grad_type"": ""norm"", ""Z_learning_rate"": 0.001, ""alpha_warm_frac"": 0.8, ""backward_policy"": ""Backward.Free"", ""clip_grad_param"": 10, ""do_length_normalize"": false, ""do_parameterize_p_b"": true, ""num_thermometer_dim"": 32, ""use_alpha_scheduler"": true, ""bootstrap_own_reward"": false, ""do_correct_idempotent"": false, ""reward_loss_multiplier"": 1}","{""Var-true"": 67.11104583740234, ""_runtime"": 12096.186509609222, ""_step"": 4999, ""_timestamp"": 1774555877.9492016, ""_wandb"": {""runtime"": 12102}, ""all_num_modes"": 6485, ""alpha"": 0.5036777853965759, ""entropy"": 45.07461929321289, ""grad_norm"": 154.34771728515625, ""grad_norm_clip"": 52.262664794921875, ""invalid_logprob"": 0, ""invalid_losses"": 0, ""invalid_trajectories"": 0, ""iteration"": 5000, ""length"": 27, ""logZ"": 25.308582305908203, ""loss"": 7.087149620056152, ""offline_loss"": 0, ""online_loss"": 7.087149620056152, ""onpolicy_mode_tanimoto_diversity"": 0.3159551066258198, ""onpolicy_num_modes"": 3, ""onpolicy_tanimoto_diversity"": 0.24317068387505983, ""paper_num_modes"": 0, ""paper_num_modes_frac"": 0, ""paper_onpolicy_num_modes"": 0, ""random_action_prob"": 0.0005, ""reward_loss"": 0, ""sampled_reward_avg"": 0.9224345088005066, ""time_spent"": 9.212896823883057, ""top1000_tanimoto_diversity"": 0.26191953222704406, ""top100_tanimoto_diversity"": 0.2699394745552755, ""train_time"": 0.3881487846374512, ""unique_valid_smiles_seen"": 297647}"
dutiful-salad-27,70enq19d,finished,2026-03-27T05:48:55Z,PBP-Alpha-Diversity-0327,1969773923-shanghai-jiao-tong-university,"{""opt"": ""adam"", ""seed"": 0, ""alpha"": 0.3, ""method"": ""PBP_TB"", ""epsilon"": null, ""variant"": ""TBVariant.TB"", ""adam_eps"": 1e-08, ""lr_decay"": 20000, ""momentum"": 0.9, ""cum_subtb"": true, ""Z_lr_decay"": 50000, ""model_seed"": 0, ""alpha_final"": 0.5, ""alpha_sched"": ""hold_exp"", ""dist_params"": [64, 64], ""sample_dist"": ""constant"", ""do_predict_n"": false, ""weight_decay"": 1e-08, ""do_sample_p_b"": true, ""learning_rate"": 0.0001, ""sampling_seed"": 0, ""subtb_max_len"": 128, ""clip_grad_type"": ""norm"", ""Z_learning_rate"": 0.001, ""alpha_warm_frac"": 0.8, ""backward_policy"": ""Backward.Free"", ""clip_grad_param"": 10, ""do_length_normalize"": false, ""do_parameterize_p_b"": true, ""num_thermometer_dim"": 32, ""use_alpha_scheduler"": true, ""bootstrap_own_reward"": false, ""do_correct_idempotent"": false, ""reward_loss_multiplier"": 1}","{""Var-true"": 959.1828002929688, ""_runtime"": 14479.784102201462, ""_step"": 4999, ""_timestamp"": 1774558250.406258, ""_wandb"": {""runtime"": 14486}, ""all_num_modes"": 9467, ""alpha"": 0.4963221848011017, ""entropy"": 64.42855072021484, ""grad_norm"": 178.245849609375, ""grad_norm_clip"": 58.566139221191406, ""invalid_logprob"": 0, ""invalid_losses"": 0, ""invalid_trajectories"": 0, ""iteration"": 5000, ""length"": 27, ""logZ"": 34.10097122192383, ""loss"": 12.501519203186035, ""offline_loss"": 0, ""online_loss"": 12.501519203186035, ""onpolicy_mode_tanimoto_diversity"": 0.30114787305874413, ""onpolicy_num_modes"": 2, ""onpolicy_tanimoto_diversity"": 0.24367752367579537, ""paper_num_modes"": 0, ""paper_num_modes_frac"": 0, ""paper_onpolicy_num_modes"": 0, ""random_action_prob"": 0.0005, ""reward_loss"": 0, ""sampled_reward_avg"": 0.9284599423408508, ""time_spent"": 2.1121106147766113, ""top1000_tanimoto_diversity"": 0.24686657534413176, ""top100_tanimoto_diversity"": 0.23871158287672264, ""train_time"": 0.22660279273986816, ""unique_valid_smiles_seen"": 319734}"
